-- phpMyAdmin SQL Dump
-- version 4.9.5deb2
-- https://www.phpmyadmin.net/
--
-- Host: localhost:3306
-- Tempo de geração: 18-Ago-2020 às 09:28
-- Versão do servidor: 8.0.21-0ubuntu0.20.04.4
-- versão do PHP: 7.4.3

SET SQL_MODE = "NO_AUTO_VALUE_ON_ZERO";
SET AUTOCOMMIT = 0;
START TRANSACTION;
SET time_zone = "+00:00";


/*!40101 SET @OLD_CHARACTER_SET_CLIENT=@@CHARACTER_SET_CLIENT */;
/*!40101 SET @OLD_CHARACTER_SET_RESULTS=@@CHARACTER_SET_RESULTS */;
/*!40101 SET @OLD_COLLATION_CONNECTION=@@COLLATION_CONNECTION */;
/*!40101 SET NAMES utf8mb4 */;

--
-- Banco de dados: `valorem_scal2`
--

-- --------------------------------------------------------

--
-- Estrutura da tabela `lab_amostra`
--

CREATE TABLE `lab_amostra` (
  `id` int NOT NULL,
  `idcontrato` int NOT NULL,
  `numetiqueta` int NOT NULL,
  `dtamostra` timestamp NOT NULL DEFAULT CURRENT_TIMESTAMP,
  `idtipoamostra` int NOT NULL,
  `idoperador` int NOT NULL,
  `idoperadorentrega` int DEFAULT NULL,
  `protocolo` varchar(50) DEFAULT NULL,
  `observacao` text,
  `peso` double DEFAULT NULL,
  `campo` int DEFAULT NULL,
  `valor_campo` varchar(100) CHARACTER SET utf8mb4 COLLATE utf8mb4_0900_ai_ci DEFAULT NULL,
  `ativo` char(1) NOT NULL DEFAULT 'S',
  `finalizado` char(1) NOT NULL DEFAULT 'N',
  `created_at` timestamp NOT NULL DEFAULT CURRENT_TIMESTAMP,
  `updated_at` timestamp NOT NULL DEFAULT CURRENT_TIMESTAMP ON UPDATE CURRENT_TIMESTAMP,
  `deleted_at` timestamp NULL DEFAULT NULL
) ENGINE=InnoDB DEFAULT CHARSET=utf8mb4 COLLATE=utf8mb4_0900_ai_ci;

--
-- Acionadores `lab_amostra`
--
DELIMITER $$
CREATE TRIGGER `trg_amostra_etiqueta` AFTER INSERT ON `lab_amostra` FOR EACH ROW BEGIN
			UPDATE lab_etiquetas SET 
				idamostra = new.id,
				updated_at = NOW(),
				STATUS = 'U'
			 
            WHERE id = new.numetiqueta;
		END
$$
DELIMITER ;

-- --------------------------------------------------------

--
-- Estrutura da tabela `lab_cliente`
--

CREATE TABLE `lab_cliente` (
  `id` int NOT NULL,
  `nmcliente` varchar(250) NOT NULL,
  `descricao` varchar(100) CHARACTER SET utf8mb4 COLLATE utf8mb4_0900_ai_ci NOT NULL,
  `ativo` char(1) NOT NULL DEFAULT 'S',
  `created_id` int NOT NULL,
  `created_at` timestamp NOT NULL DEFAULT CURRENT_TIMESTAMP,
  `updated_id` int DEFAULT NULL,
  `updated_at` timestamp NULL DEFAULT CURRENT_TIMESTAMP ON UPDATE CURRENT_TIMESTAMP
) ENGINE=InnoDB DEFAULT CHARSET=utf8mb4 COLLATE=utf8mb4_0900_ai_ci;

--
-- Extraindo dados da tabela `lab_cliente`
--

INSERT INTO `lab_cliente` (`id`, `nmcliente`, `descricao`, `ativo`, `created_id`, `created_at`, `updated_id`) VALUES
(1, 'MONSANTO DO BRASIL LTDA', 'MONSANTO', 'S', 3, '2020-04-12 12:04:58', 3),
(2, 'HELIX', 'HELIX', 'S', 3, '2020-04-14 14:04:10', NULL),
(3, 'LONGPING HIGH TECH', 'LONGPING', 'S', 3, '2020-05-25 09:05:55', 3),
(4, 'KWS SEMENTES', 'KWS', 'S', 3, '2020-06-14 11:06:13', NULL),
(9, 'DIOGO FRANCO', 'DIOGO', 'N', 3, '2020-06-16 04:06:33', NULL),
(10, 'LIMAGRAIN SEMENTE', 'LIMAGRAIN', 'S', 3, '2020-06-16 04:06:14', NULL),
(11, 'UOL INTERNET', 'UOL', 'N', 3, '2020-06-16 04:06:36', NULL),
(12, 'LIMAGRAIN SEMENTE DO BRASIL', 'LIMAGRAIN SB', 'N', 3, '2020-06-16 04:06:57', NULL),
(15, 'VALOREM AGRONEGÓCIOS MT', 'VALOREM MT', 'S', 3, '2020-06-16 05:06:16', 3),
(16, 'MONSANTO 2', 'MONSANTO', 'N', 3, '2020-06-16 05:06:48', 3),
(17, 'NIDEIRA SEMENTES', 'NIDEIRA', 'S', 3, '2020-06-16 12:06:08', NULL),
(18, 'DUPOINT PIONNER DO BRASIL', 'PIONNER', 'N', 3, '2020-06-16 12:06:32', NULL),
(19, 'PIONNER DO BRASIL', 'PIONNER', 'S', 3, '2020-06-29 13:06:06', NULL),
(20, 'MORGAN SEMENTES', 'MORGAN', 'S', 3, '2020-06-29 13:06:37', NULL),
(21, 'SYNGENTA SEMENTES', 'SYNGENTA', 'S', 3, '2020-06-29 13:06:09', NULL),
(22, 'Vertical Investimento', 'Vertical', 'N', 3, '2020-07-27 13:07:05', 3);

-- --------------------------------------------------------

--
-- Estrutura da tabela `lab_contrato`
--

CREATE TABLE `lab_contrato` (
  `id` int NOT NULL,
  `hibrido` varchar(25) NOT NULL,
  `idcliente` int DEFAULT NULL,
  `numcontrato` varchar(45) DEFAULT NULL,
  `idsafra` int NOT NULL,
  `finalizado` char(1) NOT NULL DEFAULT 'N',
  `ativo` char(1) NOT NULL DEFAULT 'S',
  `justificativa` int DEFAULT NULL
) ENGINE=InnoDB DEFAULT CHARSET=utf8mb4 COLLATE=utf8mb4_0900_ai_ci;

--
-- Extraindo dados da tabela `lab_contrato`
--

INSERT INTO `lab_contrato` (`id`, `hibrido`, `idcliente`, `numcontrato`, `idsafra`, `finalizado`, `ativo`, `justificativa`) VALUES
(1, 'HB201901', 1, 'MSVLR201901', 16, 'N', 'S', NULL),
(2, 'SHS4070', 2, '182/19', 16, 'N', 'S', NULL),
(3, 'MSPTU201901', 1, 'LP1920-4993BR', 16, 'N', 'S', NULL),
(4, 'MSPTU201901', 1, 'LP192004563BR', 16, 'N', 'S', NULL),
(5, 'HB201901', 1, 'MSVLR201902', 16, 'N', 'S', NULL),
(6, 'MG580PWU', 3, '003C128M19V', 16, 'N', 'S', NULL),
(7, 'MG580PWU', 3, '152C128M19V', 17, 'N', 'S', NULL),
(8, 'MG580PWU', 3, '152C128M19V', 18, 'N', 'S', NULL),
(9, 'VMT20', 15, 'VLRMT0620', 19, 'N', 'S', NULL);

-- --------------------------------------------------------

--
-- Estrutura da tabela `lab_email_cfg`
--

CREATE TABLE `lab_email_cfg` (
  `id` int NOT NULL,
  `usuario` varchar(255) NOT NULL,
  `senha` varchar(50) NOT NULL,
  `smtp` varchar(255) NOT NULL,
  `auth` char(1) NOT NULL DEFAULT 'S',
  `port` int NOT NULL,
  `ativo` varchar(1) NOT NULL DEFAULT 'S'
) ENGINE=InnoDB DEFAULT CHARSET=utf8mb4 COLLATE=utf8mb4_0900_ai_ci;

--
-- Extraindo dados da tabela `lab_email_cfg`
--

INSERT INTO `lab_email_cfg` (`id`, `usuario`, `senha`, `smtp`, `auth`, `port`, `ativo`) VALUES
(1, 'diogo', '123456', 'ddd', 'S', 80, 'S');

-- --------------------------------------------------------

--
-- Estrutura da tabela `lab_email_send`
--

CREATE TABLE `lab_email_send` (
  `id` int NOT NULL,
  `nome` varchar(50) NOT NULL,
  `email` varchar(250) NOT NULL,
  `ativo` char(1) NOT NULL DEFAULT 'S'
) ENGINE=InnoDB DEFAULT CHARSET=utf8mb4 COLLATE=utf8mb4_0900_ai_ci;

-- --------------------------------------------------------

--
-- Estrutura da tabela `lab_estoque`
--

CREATE TABLE `lab_estoque` (
  `id` int NOT NULL,
  `idetiqueta` int NOT NULL,
  `armazenamento` varchar(50) NOT NULL,
  `peso_armazem` double NOT NULL DEFAULT '0',
  `peso_cliente` double NOT NULL DEFAULT '0',
  `peso_descarte` double NOT NULL DEFAULT '0',
  `idoperador` int NOT NULL DEFAULT '0',
  `created_at` timestamp NOT NULL DEFAULT CURRENT_TIMESTAMP,
  `updated_at` timestamp NULL DEFAULT NULL,
  `tipo` varchar(50) DEFAULT NULL
) ENGINE=InnoDB DEFAULT CHARSET=utf8mb4 COLLATE=utf8mb4_0900_ai_ci;

-- --------------------------------------------------------

--
-- Estrutura da tabela `lab_etiquetas`
--

CREATE TABLE `lab_etiquetas` (
  `id` int NOT NULL,
  `idcliente` int NOT NULL,
  `idcontrato` int NOT NULL,
  `idamostra` int DEFAULT NULL,
  `setor` char(1) NOT NULL,
  `idoperador` int NOT NULL,
  `lotefinal` int DEFAULT NULL,
  `numetiqueta` int NOT NULL,
  `status` char(1) NOT NULL DEFAULT 'N',
  `ativo` char(1) NOT NULL DEFAULT 'S',
  `created_at` timestamp NULL DEFAULT CURRENT_TIMESTAMP,
  `updated_at` timestamp NULL DEFAULT NULL
) ENGINE=InnoDB DEFAULT CHARSET=utf8mb4 COLLATE=utf8mb4_0900_ai_ci;

--
-- Extraindo dados da tabela `lab_etiquetas`
--

INSERT INTO `lab_etiquetas` (`id`, `idcliente`, `idcontrato`, `idamostra`, `setor`, `idoperador`, `lotefinal`, `numetiqueta`, `status`, `ativo`, `created_at`, `updated_at`) VALUES
(1, 15, 9, NULL, 'T', 9, NULL, 1, 'N', 'S', '2020-06-23 12:06:05', NULL),
(2, 1, 1, NULL, 'R', 8, NULL, 1, 'N', 'S', '2020-06-23 12:06:47', NULL),
(3, 1, 3, NULL, 'R', 567, NULL, 1, 'N', 'S', '2020-06-23 12:06:35', NULL),
(4, 1, 1, NULL, 'R', 765, NULL, 2, 'N', 'S', '2020-06-23 12:06:04', NULL),
(5, 15, 9, NULL, 'R', 9, NULL, 1, 'N', 'S', '2020-06-23 12:06:03', NULL),
(6, 15, 9, NULL, 'R', 9, NULL, 2, 'N', 'S', '2020-06-23 12:06:03', NULL),
(7, 15, 9, NULL, 'R', 579, NULL, 3, 'N', 'S', '2020-06-23 13:06:21', NULL),
(8, 15, 9, NULL, 'R', 579, NULL, 4, 'N', 'S', '2020-06-23 13:06:27', NULL),
(9, 15, 9, NULL, 'R', 579, NULL, 5, 'N', 'S', '2020-06-23 13:06:30', NULL),
(10, 15, 9, NULL, 'R', 579, NULL, 6, 'N', 'S', '2020-06-23 13:06:35', NULL),
(11, 15, 9, NULL, 'R', 579, NULL, 7, 'N', 'S', '2020-06-23 13:06:23', NULL),
(12, 3, 6, NULL, 'R', 1, NULL, 1, 'N', 'S', '2020-06-23 13:06:11', NULL),
(13, 1, 1, NULL, 'R', 1, NULL, 3, 'N', 'S', '2020-06-23 13:06:03', NULL),
(14, 1, 1, NULL, 'R', 1, NULL, 4, 'N', 'S', '2020-06-23 13:06:25', NULL),
(15, 1, 1, NULL, 'R', 8, NULL, 5, 'N', 'S', '2020-06-23 13:06:55', NULL),
(16, 1, 1, NULL, 'R', 315, NULL, 6, 'N', 'S', '2020-06-23 13:06:13', NULL),
(17, 1, 1, NULL, 'R', 1, NULL, 7, 'N', 'S', '2020-06-24 11:06:26', NULL),
(18, 3, 6, NULL, 'T', 195, NULL, 1, 'N', 'S', '2020-06-24 14:06:28', NULL),
(19, 3, 6, NULL, 'T', 195, NULL, 2, 'N', 'S', '2020-06-24 14:06:28', NULL);

-- --------------------------------------------------------

--
-- Estrutura da tabela `lab_operador`
--

CREATE TABLE `lab_operador` (
  `id` int NOT NULL,
  `name` varchar(50) DEFAULT NULL,
  `cod` int DEFAULT NULL,
  `created_at` timestamp NULL DEFAULT NULL,
  `updated_at` timestamp NULL DEFAULT NULL,
  `ativo` char(1) DEFAULT 'S'
) ENGINE=InnoDB DEFAULT CHARSET=utf8mb4 COLLATE=utf8mb4_0900_ai_ci;

--
-- Extraindo dados da tabela `lab_operador`
--

INSERT INTO `lab_operador` (`id`, `name`, `cod`, `created_at`, `updated_at`, `ativo`) VALUES
(1, 'DIOGO FRANCO', 698, '2020-04-13 16:46:27', NULL, 'S'),
(2, 'ISADORA SIEBERT', 1077, NULL, NULL, 'S'),
(3, 'DAIANE MOREIRA', 1503, NULL, NULL, 'S'),
(8, 'VIVIANE MARTINS DE MELO BORGES', 8, '2020-06-19 15:00:00', '2020-06-19 15:00:00', 'S'),
(9, 'IVAN APARECIDO BATISTA FRANCO', 9, '2020-06-19 15:00:00', '2020-06-19 15:00:00', 'S'),
(48, 'SALVIO RAMOS DE OLIVEIRA', 48, '2020-06-19 15:00:00', '2020-06-19 15:00:00', 'S'),
(52, 'JOSE ANTONIO DA SILVA', 52, '2020-06-19 15:00:00', '2020-06-19 15:00:00', 'S'),
(53, 'JUNIO DE LIMA MELO', 53, '2020-06-19 15:00:00', '2020-06-19 15:00:00', 'S'),
(55, 'GERALDO MAGELA ALVES MACHADO', 55, '2020-06-19 15:00:00', '2020-06-19 15:00:00', 'S'),
(59, 'CASSIO MARTINS FERREIRA', 59, '2020-06-19 15:00:00', '2020-06-19 15:00:00', 'S'),
(60, 'GERALDO BARBOSA MADUREIRA', 60, '2020-06-19 15:00:00', '2020-06-19 15:00:00', 'S'),
(75, 'JAIR ANTONIO DE BARROS', 75, '2020-06-19 15:00:00', '2020-06-19 15:00:00', 'S'),
(111, 'FABRICIO PEREIRA DE SOUZA', 111, '2020-06-19 15:00:00', '2020-06-19 15:00:00', 'S'),
(115, 'EDMILDA ARAUJO DUARTE', 115, '2020-06-19 15:00:00', '2020-06-19 15:00:00', 'S'),
(121, 'NAYARA ALVES RIBEIRO', 121, '2020-06-19 15:00:00', '2020-06-19 15:00:00', 'S'),
(162, 'JAIME VAZ CABRAL', 162, '2020-06-19 15:00:00', '2020-06-19 15:00:00', 'S'),
(187, 'FERNANDO DE MELLO REIS', 187, '2020-06-19 15:00:00', '2020-06-19 15:00:00', 'S'),
(189, 'MILTON FERREIRA DO PRADO', 189, '2020-06-19 15:00:00', '2020-06-19 15:00:00', 'S'),
(192, 'CLEIDE SILVA ANDRADE', 192, '2020-06-19 15:00:00', '2020-06-19 15:00:00', 'S'),
(195, 'SUELLEN STEFANY FERREIRA MELO', 195, '2020-06-19 15:00:00', '2020-06-19 15:00:00', 'S'),
(198, 'ALECIA DOS REIS CALCADO', 198, '2020-06-19 15:00:00', '2020-06-19 15:00:00', 'S'),
(233, 'RAFAEL OLIVEIRA SOUZA', 233, '2020-06-19 15:00:00', '2020-06-19 15:00:00', 'S'),
(243, 'JEOVA FERREIRA GONZAGA', 243, '2020-06-19 15:00:00', '2020-06-19 15:00:00', 'S'),
(275, 'FRANCISCO IVO NEIVA REZENDE', 275, '2020-06-19 15:00:00', '2020-06-19 15:00:00', 'S'),
(301, 'NAIARA PEREIRA LIMA', 301, '2020-06-19 15:00:00', '2020-06-19 15:00:00', 'S'),
(306, 'ALESSANDRA DE OLIVEIRA', 306, '2020-06-19 15:00:00', '2020-06-19 15:00:00', 'S'),
(307, 'MARINA DE OLIVEIRA', 307, '2020-06-19 15:00:00', '2020-06-19 15:00:00', 'S'),
(312, 'LETICIA DE SOUZA DIAS', 312, '2020-06-19 15:00:00', '2020-06-19 15:00:00', 'S'),
(313, 'EDMAR PEREIRA DE SOUSA', 313, '2020-06-19 15:00:00', '2020-06-19 15:00:00', 'S'),
(315, 'MICHELE SOUZA DA SILVA', 315, '2020-06-19 15:00:00', '2020-06-19 15:00:00', 'S'),
(319, 'VANDERLEI APARECIDO DA SILVA D', 319, '2020-06-19 15:00:00', '2020-06-19 15:00:00', 'S'),
(321, 'ELIAS MARTINS DE OLIVEIRA', 321, '2020-06-19 15:00:00', '2020-06-19 15:00:00', 'S'),
(335, 'ADELIO RIBEIRO DE ASSIS', 335, '2020-06-19 15:00:00', '2020-06-19 15:00:00', 'S'),
(336, 'ISLEI MUNDIM DA COSTA', 336, '2020-06-19 15:00:00', '2020-06-19 15:00:00', 'S'),
(337, 'MARIA DE FATIMA GONCALVES MELO', 337, '2020-06-19 15:00:00', '2020-06-19 15:00:00', 'S'),
(340, 'ELIZEU SILVA OLIVEIRA', 340, '2020-06-19 15:00:00', '2020-06-19 15:00:00', 'S'),
(341, 'MARIANA FARIAS MENDES', 341, '2020-06-19 15:00:00', '2020-06-19 15:00:00', 'S'),
(342, 'MICHEL VARGAS DE LIMA', 342, '2020-06-19 15:00:00', '2020-06-19 15:00:00', 'S'),
(349, 'JOSE HUMBERTO FERREIRA DE SOUS', 349, '2020-06-19 15:00:00', '2020-06-19 15:00:00', 'S'),
(360, 'VITOR SOARES MELO', 360, '2020-06-19 15:00:00', '2020-06-19 15:00:00', 'S'),
(362, 'RODRIGO OLIVEIRA MELO', 362, '2020-06-19 15:00:00', '2020-06-19 15:00:00', 'S'),
(363, 'TIAGO JUNIO VIEIRA DE SOUZA', 363, '2020-06-19 15:00:00', '2020-06-19 15:00:00', 'S'),
(364, 'JARDEL OLIVEIRA ALVES', 364, '2020-06-19 15:00:00', '2020-06-19 15:00:00', 'S'),
(369, 'ERIKE DE MELO ROQUETE', 369, '2020-06-19 15:00:00', '2020-06-19 15:00:00', 'S'),
(373, 'DIEGO DE QUEIROZ GOMES', 373, '2020-06-19 15:00:00', '2020-06-19 15:00:00', 'S'),
(383, 'ANTONIO PIRES DE FREITAS', 383, '2020-06-19 15:00:00', '2020-06-19 15:00:00', 'S'),
(384, 'CLEITON MENDES TARDELLI', 384, '2020-06-19 15:00:00', '2020-06-19 15:00:00', 'S'),
(385, 'THIAGO DA SILVA GOMES', 385, '2020-06-19 15:00:00', '2020-06-19 15:00:00', 'S'),
(394, 'VICTOR RUELA DOS SANTOS', 394, '2020-06-19 15:00:00', '2020-06-19 15:00:00', 'S'),
(395, 'MARCELO PEREIRA DE ABREU', 395, '2020-06-19 15:00:00', '2020-06-19 15:00:00', 'S'),
(405, 'AILTON JOSE LUIZ', 405, '2020-06-19 15:00:00', '2020-06-19 15:00:00', 'S'),
(408, 'ARTHUR LORENO GUIMARAES RIBEIR', 408, '2020-06-19 15:00:00', '2020-06-19 15:00:00', 'S'),
(415, 'PAULO AFONSO DE MELO PERES', 415, '2020-06-19 15:00:00', '2020-06-19 15:00:00', 'S'),
(416, 'JUNIO ALVES PEREIRA', 416, '2020-06-19 15:00:00', '2020-06-19 15:00:00', 'S'),
(418, 'GABRIEL GONCALVES SILVA', 418, '2020-06-19 15:00:00', '2020-06-19 15:00:00', 'S'),
(426, 'ALEX JUNIO SILVA DE BARROS', 426, '2020-06-19 15:00:00', '2020-06-19 15:00:00', 'S'),
(427, 'NILDO PEREIRA DA SILVA', 427, '2020-06-19 15:00:00', '2020-06-19 15:00:00', 'S'),
(430, 'VANESSA ULHOA DE OLIVEIRA', 430, '2020-06-19 15:00:00', '2020-06-19 15:00:00', 'S'),
(431, 'YURI TAIRA LOPES', 431, '2020-06-19 15:00:00', '2020-06-19 15:00:00', 'S'),
(444, 'MARCOS PAULO SOUSA ROSA', 444, '2020-06-19 15:00:00', '2020-06-19 15:00:00', 'S'),
(445, 'DURVALINO OLIVEIRA FERREIRA DA', 445, '2020-06-19 15:00:00', '2020-06-19 15:00:00', 'S'),
(447, 'SEBASTIAO DOS REIS BATISTA', 447, '2020-06-19 15:00:00', '2020-06-19 15:00:00', 'S'),
(450, 'ADELCIO PINTO RABELO', 450, '2020-06-19 15:00:00', '2020-06-19 15:00:00', 'S'),
(454, 'VILMAR DA SILVA LOPES', 454, '2020-06-19 15:00:00', '2020-06-19 15:00:00', 'S'),
(456, 'IGOR RODRIGUES DUARTE', 456, '2020-06-19 15:00:00', '2020-06-19 15:00:00', 'S'),
(462, 'MARCELO VIEIRA DIAS', 462, '2020-06-19 15:00:00', '2020-06-19 15:00:00', 'S'),
(465, 'JOSE DOMINGOS CARVALHO DA SILV', 465, '2020-06-19 15:00:00', '2020-06-19 15:00:00', 'S'),
(467, 'ALISSON GONCALVES PERES', 467, '2020-06-19 15:00:00', '2020-06-19 15:00:00', 'S'),
(471, 'LEOMAR RODRIGUES BARBOSA', 471, '2020-06-19 15:00:00', '2020-06-19 15:00:00', 'S'),
(474, 'LAURO AUGUSTO ANTONIO ASSUNCAO', 474, '2020-06-19 15:00:00', '2020-06-19 15:00:00', 'S'),
(484, 'UANDRES LUIZ XAVIER', 484, '2020-06-19 15:00:00', '2020-06-19 15:00:00', 'S'),
(485, 'JOAO PEDRO SILVA MONTEIRO', 485, '2020-06-19 15:00:00', '2020-06-19 15:00:00', 'S'),
(488, 'LUIS FILIPE PEREIRA DA SILVA', 488, '2020-06-19 15:00:00', '2020-06-19 15:00:00', 'S'),
(491, 'MARCELO PEREIRA DE ARAUJO', 491, '2020-06-19 15:00:00', '2020-06-19 15:00:00', 'S'),
(494, 'REINALDO OLIVEIRA SILVA', 494, '2020-06-19 15:00:00', '2020-06-19 15:00:00', 'S'),
(505, 'FABIO ANDRADE GONCALVES', 505, '2020-06-19 15:00:00', '2020-06-19 15:00:00', 'S'),
(516, 'OSVALDO ARAUJO FERREIRA', 516, '2020-06-19 15:00:00', '2020-06-19 15:00:00', 'S'),
(521, 'ALCILENE PIRES DE ALMEIDA LARA', 521, '2020-06-19 15:00:00', '2020-06-19 15:00:00', 'S'),
(522, 'DIOCRESIO JOSE DE OLIVEIRA JR', 522, '2020-06-19 15:00:00', '2020-06-19 15:00:00', 'S'),
(523, 'LEONARDO OLIVEIRA DE SOUZA', 523, '2020-06-19 15:00:00', '2020-06-19 15:00:00', 'S'),
(527, 'SUZANA MARTINS RUELA', 527, '2020-06-19 15:00:00', '2020-06-19 15:00:00', 'S'),
(537, 'RILDO JOSE PIRES', 537, '2020-06-19 15:00:00', '2020-06-19 15:00:00', 'S'),
(543, 'GILSON DE SOUZA MARINHO', 543, '2020-06-19 15:00:00', '2020-06-19 15:00:00', 'S'),
(549, 'MARCIO FERNANDES DE MATOS', 549, '2020-06-19 15:00:00', '2020-06-19 15:00:00', 'S'),
(552, 'MARCELA CRISTINA RAMOS DA MATT', 552, '2020-06-19 15:00:00', '2020-06-19 15:00:00', 'S'),
(553, 'CAIO EDUARDO NUNES SANTOS', 553, '2020-06-19 15:00:00', '2020-06-19 15:00:00', 'S'),
(555, 'MARIANE FERNANDES VIANA COIMBR', 555, '2020-06-19 15:00:00', '2020-06-19 15:00:00', 'S'),
(556, 'PEDRO JOAO GONCALVES SENA E SI', 556, '2020-06-19 15:00:00', '2020-06-19 15:00:00', 'S'),
(559, 'TIAGO MOURA RAMOS', 559, '2020-06-19 15:00:00', '2020-06-19 15:00:00', 'S'),
(560, 'DIOGENES DUARTE FERNANDES', 560, '2020-06-19 15:00:00', '2020-06-19 15:00:00', 'S'),
(561, 'ELIANE BENTO MARTINS', 561, '2020-06-19 15:00:00', '2020-06-19 15:00:00', 'S'),
(563, 'VALDEMIR FARIA CARDOSO', 563, '2020-06-19 15:00:00', '2020-06-19 15:00:00', 'S'),
(567, 'WESLEY JUNIO SILVA COUTO', 567, '2020-06-19 15:00:00', '2020-06-19 15:00:00', 'S'),
(569, 'DOUGLAS CARDOSO DA MOTA', 569, '2020-06-19 15:00:00', '2020-06-19 15:00:00', 'S'),
(571, 'RICARDO DA SILVA ALVES', 571, '2020-06-19 15:00:00', '2020-06-19 15:00:00', 'S'),
(572, 'VAGNER NUNES DA SILVA', 572, '2020-06-19 15:00:00', '2020-06-19 15:00:00', 'S'),
(573, 'JOSE ANTONIO MACIEL DA SILVA', 573, '2020-06-19 15:00:00', '2020-06-19 15:00:00', 'S'),
(574, 'CARLOS HENRIQUE PEREIRA MONTEI', 574, '2020-06-19 15:00:00', '2020-06-19 15:00:00', 'S'),
(575, 'FABIA MUNDIM COSTA', 575, '2020-06-19 15:00:00', '2020-06-19 15:00:00', 'S'),
(576, 'THAYNA SILVA LOPES', 576, '2020-06-19 15:00:00', '2020-06-19 15:00:00', 'S'),
(579, 'MARCOS DA SILVA', 579, '2020-06-19 15:00:00', '2020-06-19 15:00:00', 'S'),
(584, 'THIAGO PIRES OLIVEIRA', 584, '2020-06-19 15:00:00', '2020-06-19 15:00:00', 'S'),
(597, 'RAFAEL FERREIRA BRAGA SOARES', 597, '2020-06-19 15:00:00', '2020-06-19 15:00:00', 'S'),
(599, 'JOSE ANTONIO DOS SANTOS JUNIOR', 599, '2020-06-19 15:00:00', '2020-06-19 15:00:00', 'S'),
(602, 'CLEITON BENTO MARTINS', 602, '2020-06-19 15:00:00', '2020-06-19 15:00:00', 'S'),
(610, 'LUIZ GUSTAVO GONCALVES SILVA', 610, '2020-06-19 15:00:00', '2020-06-19 15:00:00', 'S'),
(618, 'LEANDRO BATISTA FRANCO', 618, '2020-06-19 15:00:00', '2020-06-19 15:00:00', 'S'),
(624, 'CARLOS H B PEREIRA DE SOUSA', 624, '2020-06-19 15:00:00', '2020-06-19 15:00:00', 'S'),
(627, 'DANIEL ABRANTES PEREIRA', 627, '2020-06-19 15:00:00', '2020-06-19 15:00:00', 'S'),
(632, 'GUILHERME COELHO DE OLIVEIRA', 632, '2020-06-19 15:00:00', '2020-06-19 15:00:00', 'S'),
(649, 'WILLIAN SANTOS MACEDO', 649, '2020-06-19 15:00:00', '2020-06-19 15:00:00', 'S'),
(652, 'AMANDA ALDINA JESUS DOS SANTOS', 652, '2020-06-19 15:00:00', '2020-06-19 15:00:00', 'S'),
(655, 'JADER ANTONIO DE BARROS', 655, '2020-06-19 15:00:00', '2020-06-19 15:00:00', 'S'),
(665, 'HENRIQUE GUEDES PEREIRA', 665, '2020-06-19 15:00:00', '2020-06-19 15:00:00', 'S'),
(676, 'ROMILDO DA CUNHA SOARES', 676, '2020-06-19 15:00:00', '2020-06-19 15:00:00', 'S'),
(678, 'ROBERTO CARLOS PEREIRA RAMOS', 678, '2020-06-19 15:00:00', '2020-06-19 15:00:00', 'S'),
(698, 'ANTONIO DIOGO C FRANCO', 698, '2020-06-19 15:00:00', '2020-06-19 15:00:00', 'S'),
(703, 'FABRICIO NEIVA DOS REIS', 703, '2020-06-19 15:00:00', '2020-06-19 15:00:00', 'S'),
(712, 'ZANIA DA SILVA NEIVA', 712, '2020-06-19 15:00:00', '2020-06-19 15:00:00', 'S'),
(714, 'PAULO ATLE KOCH', 714, '2020-06-19 15:00:00', '2020-06-19 15:00:00', 'S'),
(724, 'VALMIR JOSE LUIZ', 724, '2020-06-19 15:00:00', '2020-06-19 15:00:00', 'S'),
(729, 'MAZIN MACEDO DUARTE', 729, '2020-06-19 15:00:00', '2020-06-19 15:00:00', 'S'),
(731, 'WEDER APARECIDO PINTO BORGES', 731, '2020-06-19 15:00:00', '2020-06-19 15:00:00', 'S'),
(732, 'BENEDITO NASCIMENTO OLIVEIRA', 732, '2020-06-19 15:00:00', '2020-06-19 15:00:00', 'S'),
(735, 'PAULO HENRIQUE DOS SANTOS LIMA', 735, '2020-06-19 15:00:00', '2020-06-19 15:00:00', 'S'),
(737, 'CRISTIANE BARBOSA SOARES', 737, '2020-06-19 15:00:00', '2020-06-19 15:00:00', 'S'),
(738, 'THALES MARTINS SIQUEIRA', 738, '2020-06-19 15:00:00', '2020-06-19 15:00:00', 'S'),
(744, 'LEANDRO REZENDE LOPES', 744, '2020-06-19 15:00:00', '2020-06-19 15:00:00', 'S'),
(753, 'ARCELINO FERREIRA BORGES', 753, '2020-06-19 15:00:00', '2020-06-19 15:00:00', 'S'),
(758, 'VANILDA PEREIRA RUELA', 758, '2020-06-19 15:00:00', '2020-06-19 15:00:00', 'S'),
(763, 'EDILSON LOURENCO DA SILVA', 763, '2020-06-19 15:00:00', '2020-06-19 15:00:00', 'S'),
(765, 'AMARILDO PEREIRA DA CONCEICAO', 765, '2020-06-19 15:00:00', '2020-06-19 15:00:00', 'S'),
(768, 'MATHEUS DA SILVA GONCALVES', 768, '2020-06-19 15:00:00', '2020-06-19 15:00:00', 'S'),
(771, 'JOEL CORREA ARAUJO', 771, '2020-06-19 15:00:00', '2020-06-19 15:00:00', 'S'),
(778, 'DIEMERSON JOSE DE MACEDO', 778, '2020-06-19 15:00:00', '2020-06-19 15:00:00', 'S'),
(787, 'ALISSON MONTEIRO DOS REIS', 787, '2020-06-19 15:00:00', '2020-06-19 15:00:00', 'S'),
(790, 'NUBIA SANTOS GONZAGA', 790, '2020-06-19 15:00:00', '2020-06-19 15:00:00', 'S'),
(793, 'JORGE SERAFIM DOS SANTOS', 793, '2020-06-19 15:00:00', '2020-06-19 15:00:00', 'S'),
(796, 'CHARLYSTON ALMEIDA ARAUJO', 796, '2020-06-19 15:00:00', '2020-06-19 15:00:00', 'S'),
(800, 'JEAN PABLO MONTEIRO SILVA', 800, '2020-06-19 15:00:00', '2020-06-19 15:00:00', 'S'),
(804, 'ISRAEL PEREIRA DOS SANTOS', 804, '2020-06-19 15:00:00', '2020-06-19 15:00:00', 'S'),
(806, 'DAVI DOS SANTOS NINO', 806, '2020-06-19 15:00:00', '2020-06-19 15:00:00', 'S'),
(811, 'NIUSOMAR FERREIRA DE SOUZA', 811, '2020-06-19 15:00:00', '2020-06-19 15:00:00', 'S'),
(813, 'EDUARDO GOMES DA CRUZ', 813, '2020-06-19 15:00:00', '2020-06-19 15:00:00', 'S'),
(815, 'LUCAS ALBANEZ BORGES', 815, '2020-06-19 15:00:00', '2020-06-19 15:00:00', 'S'),
(844, 'ANA MARIA DE MELO FERREIRA', 844, '2020-06-19 15:00:00', '2020-06-19 15:00:00', 'S'),
(850, 'EDUARDO DE MELO GAMA', 850, '2020-06-19 15:00:00', '2020-06-19 15:00:00', 'S'),
(856, 'MATEUS ALVES SANTANA', 856, '2020-06-19 15:00:00', '2020-06-19 15:00:00', 'S'),
(859, 'ANTONIO MAURICIO FARIA FILHO', 859, '2020-06-19 15:00:00', '2020-06-19 15:00:00', 'S'),
(867, 'GABRIEL PIRES COUTINHO', 867, '2020-06-19 15:00:00', '2020-06-19 15:00:00', 'S'),
(889, 'RAYANE MORAES DA SILVA', 889, '2020-06-19 15:00:00', '2020-06-19 15:00:00', 'S'),
(918, 'ALEX LUIZ PACHECO', 918, '2020-06-19 15:00:00', '2020-06-19 15:00:00', 'S'),
(927, 'THALITA FERNANDES PEREIRA', 927, '2020-06-19 15:00:00', '2020-06-19 15:00:00', 'S'),
(939, 'DANILO APARICIO PEREIRA DOS SA', 939, '2020-06-19 15:00:00', '2020-06-19 15:00:00', 'S'),
(954, 'ELIETE APARECIDA PAIXAO CORREI', 954, '2020-06-19 15:00:00', '2020-06-19 15:00:00', 'S'),
(958, 'THALES CAIXETA GONCALVES SILVA', 958, '2020-06-19 15:00:00', '2020-06-19 15:00:00', 'S'),
(960, 'EVERTON PEREIRA DA SILVA', 960, '2020-06-19 15:00:00', '2020-06-19 15:00:00', 'S'),
(962, 'KARINE PEREIRA DE MELO', 962, '2020-06-19 15:00:00', '2020-06-19 15:00:00', 'S'),
(963, 'MARCELO ABRANTES LIMA', 963, '2020-06-19 15:00:00', '2020-06-19 15:00:00', 'S'),
(969, 'DANIEL LEMOS LINDOLFO', 969, '2020-06-19 15:00:00', '2020-06-19 15:00:00', 'S'),
(970, 'MARCELO FERNANDES DOS SANTOS', 970, '2020-06-19 15:00:00', '2020-06-19 15:00:00', 'S'),
(1003, 'REJANE DE OLIVEIRA ALVES', 1003, '2020-06-19 15:00:00', '2020-06-19 15:00:00', 'S'),
(1028, 'NAYARA DE ANDRADE BARBOSA', 1028, '2020-06-19 15:00:00', '2020-06-19 15:00:00', 'S'),
(1030, 'NATHANA NEVES COSTA', 1030, '2020-06-19 15:00:00', '2020-06-19 15:00:00', 'S'),
(1031, 'RUBIA APARECIDA GONCALVES ALBE', 1031, '2020-06-19 15:00:00', '2020-06-19 15:00:00', 'S'),
(1032, 'WENDELL PIMENTEL DA SILVA', 1032, '2020-06-19 15:00:00', '2020-06-19 15:00:00', 'S'),
(1033, 'FLAVIO DIAS DE SOUZA', 1033, '2020-06-19 15:00:00', '2020-06-19 15:00:00', 'S'),
(1034, 'RODRIGO DA SILVA PEREIRA', 1034, '2020-06-19 15:00:00', '2020-06-19 15:00:00', 'S'),
(1035, 'ANDRE FERNANDES DE OLIVEIRA', 1035, '2020-06-19 15:00:00', '2020-06-19 15:00:00', 'S'),
(1036, 'ISIDORIO GOMES DA CRUZ JUNIOR', 1036, '2020-06-19 15:00:00', '2020-06-19 15:00:00', 'S'),
(1039, 'GILBERTO DIAS DE SOUSA', 1039, '2020-06-19 15:00:00', '2020-06-19 15:00:00', 'S'),
(1041, 'LETICIA CORREA DE MORAIS', 1041, '2020-06-19 15:00:00', '2020-06-19 15:00:00', 'S'),
(1042, 'MAGNO FERNANDES DE MATOS', 1042, '2020-06-19 15:00:00', '2020-06-19 15:00:00', 'S'),
(1044, 'MARCOS MACIEL PAOOLLY PEREIRA', 1044, '2020-06-19 15:00:00', '2020-06-19 15:00:00', 'S'),
(1045, 'JESSICA PIRES OLIVEIRA GONCALV', 1045, '2020-06-19 15:00:00', '2020-06-19 15:00:00', 'S'),
(1046, 'JESSICA DOS SANTOS FREITAS', 1046, '2020-06-19 15:00:00', '2020-06-19 15:00:00', 'S'),
(1047, 'RODRIGO FERREIRA DE SOUZA', 1047, '2020-06-19 15:00:00', '2020-06-19 15:00:00', 'S'),
(1049, 'JACOB CLEDINO DA SILVA JUNIOR', 1049, '2020-06-19 15:00:00', '2020-06-19 15:00:00', 'S'),
(1051, 'PABLINE GUIMARAES RIBEIRO', 1051, '2020-06-19 15:00:00', '2020-06-19 15:00:00', 'S'),
(1067, 'RUY DA SILVA NEIVA', 1067, '2020-06-19 15:00:00', '2020-06-19 15:00:00', 'S'),
(1077, 'ISADORA GARCIA SIEBERT', 1077, '2020-06-19 15:00:00', '2020-06-19 15:00:00', 'S'),
(1078, 'CLEITON DE MELO LIMA', 1078, '2020-06-19 15:00:00', '2020-06-19 15:00:00', 'S'),
(1079, 'DARLI DA SILVA', 1079, '2020-06-19 15:00:00', '2020-06-19 15:00:00', 'S'),
(1080, 'BIANCA RABELO COUTO', 1080, '2020-06-19 15:00:00', '2020-06-19 15:00:00', 'S'),
(1082, 'LUIZ SERGIO DE ARAUJO', 1082, '2020-06-19 15:00:00', '2020-06-19 15:00:00', 'S'),
(1083, 'EDUARDO COELHO CARVALHO', 1083, '2020-06-19 15:00:00', '2020-06-19 15:00:00', 'S'),
(1085, 'RODRIGO FERREIRA COSTA', 1085, '2020-06-19 15:00:00', '2020-06-19 15:00:00', 'S'),
(1087, 'CLEYTON BRAGA SOUZA', 1087, '2020-06-19 15:00:00', '2020-06-19 15:00:00', 'S'),
(1090, 'EVANDRO DE ALMEIDA ALEXANDRE', 1090, '2020-06-19 15:00:00', '2020-06-19 15:00:00', 'S'),
(1102, 'CARLOS ALEXANDRE DA SILVA', 1102, '2020-06-19 15:00:00', '2020-06-19 15:00:00', 'S'),
(1121, 'ANDERSON BRANDAO PIRES ALBERNA', 1121, '2020-06-19 15:00:00', '2020-06-19 15:00:00', 'S'),
(1127, 'KELLY DA LUZ PINHEIRO RODOVALH', 1127, '2020-06-19 15:00:00', '2020-06-19 15:00:00', 'S'),
(1149, 'RICARDO BENETTI ORTELAN', 1149, '2020-06-19 15:00:00', '2020-06-19 15:00:00', 'S'),
(1164, 'LIDIANE PINHEIRO LUIZ', 1164, '2020-06-19 15:00:00', '2020-06-19 15:00:00', 'S'),
(1165, 'CARLA CRISTINA GOUVEIA DOS SAN', 1165, '2020-06-19 15:00:00', '2020-06-19 15:00:00', 'S'),
(1172, 'RANIELE DA SILVA', 1172, '2020-06-19 15:00:00', '2020-06-19 15:00:00', 'S'),
(1179, 'DORIS CRISTINA TAVARES PEIXOTO', 1179, '2020-06-19 15:00:00', '2020-06-19 15:00:00', 'S'),
(1181, 'LUIZ EDUARDO SILVA VALADAO', 1181, '2020-06-19 15:00:00', '2020-06-19 15:00:00', 'S'),
(1208, 'ELIAS GOMES PEREIRA', 1208, '2020-06-19 15:00:00', '2020-06-19 15:00:00', 'S'),
(1219, 'RAFAEL SILVA RESENDE', 1219, '2020-06-19 15:00:00', '2020-06-19 15:00:00', 'S'),
(1221, 'MARCOS EDUARDO SANTOS CHAVES', 1221, '2020-06-19 15:00:00', '2020-06-19 15:00:00', 'S'),
(1229, 'PEDRO VASCONCELOS MENDES', 1229, '2020-06-19 15:00:00', '2020-06-19 15:00:00', 'S'),
(1232, 'MARCELO DIEGO ALVES ABREU', 1232, '2020-06-19 15:00:00', '2020-06-19 15:00:00', 'S'),
(1235, 'EDER SCHEIDT FREITAS', 1235, '2020-06-19 15:00:00', '2020-06-19 15:00:00', 'S'),
(1238, 'GUSTAVO MARTINS COSTA CRUZ', 1238, '2020-06-19 15:00:00', '2020-06-19 15:00:00', 'S'),
(1245, 'MATHEUS GOUVEIA SOARES', 1245, '2020-06-19 15:00:00', '2020-06-19 15:00:00', 'S'),
(1247, 'NAYANE GONCALVES RIBEIRO', 1247, '2020-06-19 15:00:00', '2020-06-19 15:00:00', 'S'),
(1250, 'SEBASTIANA CORREIA ANDRADE', 1250, '2020-06-19 15:00:00', '2020-06-19 15:00:00', 'S'),
(1251, 'ODILON DA SILVA ROSA', 1251, '2020-06-19 15:00:00', '2020-06-19 15:00:00', 'S'),
(1254, 'PAULO ROBERTO DE CASTRO', 1254, '2020-06-19 15:00:00', '2020-06-19 15:00:00', 'S'),
(1263, 'VIVIANE MONTEIRO DA SILVA', 1263, '2020-06-19 15:00:00', '2020-06-19 15:00:00', 'S'),
(1266, 'SARA DE MELO FRANCO', 1266, '2020-06-19 15:00:00', '2020-06-19 15:00:00', 'S'),
(1280, 'GABRIEL DA SILVA', 1280, '2020-06-19 15:00:00', '2020-06-19 15:00:00', 'S'),
(1282, 'JESSICA MOREIRA DE SOUZA', 1282, '2020-06-19 15:00:00', '2020-06-19 15:00:00', 'S'),
(1291, 'DANIELA PEREIRA DE OLIVEIRA', 1291, '2020-06-19 15:00:00', '2020-06-19 15:00:00', 'S'),
(1293, 'ADILSON MARTINS COSTA', 1293, '2020-06-19 15:00:00', '2020-06-19 15:00:00', 'S'),
(1298, 'ANA PAULA FERREIRA OLIVEIRA', 1298, '2020-06-19 15:00:00', '2020-06-19 15:00:00', 'S'),
(1317, 'EDERSON SANTOS PEREIRA', 1317, '2020-06-19 15:00:00', '2020-06-19 15:00:00', 'S'),
(1319, 'APARECIDO LEMES DO PRADO', 1319, '2020-06-19 15:00:00', '2020-06-19 15:00:00', 'S'),
(1333, 'NARA POLIANA PEREIRA ROSA', 1333, '2020-06-19 15:00:00', '2020-06-19 15:00:00', 'S'),
(1334, 'MARINETE FERREIRA DE OLIVEIRA', 1334, '2020-06-19 15:00:00', '2020-06-19 15:00:00', 'S'),
(1341, 'MURIELE ARAUJO OLIVEIRA', 1341, '2020-06-19 15:00:00', '2020-06-19 15:00:00', 'S'),
(1344, 'JOAO MARQUES DA SILVA', 1344, '2020-06-19 15:00:00', '2020-06-19 15:00:00', 'S'),
(1350, 'NAIARA ALVES DOS SANTOS', 1350, '2020-06-19 15:00:00', '2020-06-19 15:00:00', 'S'),
(1351, 'FELIPE ALVES FERREIRA', 1351, '2020-06-19 15:00:00', '2020-06-19 15:00:00', 'S'),
(1352, 'CLEBER APARECIDO SOUZA ARAUJO', 1352, '2020-06-19 15:00:00', '2020-06-19 15:00:00', 'S'),
(1355, 'JEAN LUIZ DA SILVA', 1355, '2020-06-19 15:00:00', '2020-06-19 15:00:00', 'S'),
(1358, 'ADRIANO ALVES PEREIRA', 1358, '2020-06-19 15:00:00', '2020-06-19 15:00:00', 'S'),
(1360, 'JOSE BENEDITO BARROS LISBOA', 1360, '2020-06-19 15:00:00', '2020-06-19 15:00:00', 'S'),
(1367, 'CAIO EDUARDO PEREGO DE SOUZA', 1367, '2020-06-19 15:00:00', '2020-06-19 15:00:00', 'S'),
(1372, 'JOSE FRANCISCO MOREIRA DA CARM', 1372, '2020-06-19 15:00:00', '2020-06-19 15:00:00', 'S'),
(1373, 'CLAUDIA APOLONIO DE LIMA', 1373, '2020-06-19 15:00:00', '2020-06-19 15:00:00', 'S'),
(1374, 'MICHELL SALES RESENDE COSTA', 1374, '2020-06-19 15:00:00', '2020-06-19 15:00:00', 'S'),
(1376, 'JOSE ALDIR MARQUES DE PADUA', 1376, '2020-06-19 15:00:00', '2020-06-19 15:00:00', 'S'),
(1377, 'VANILDO ROSA DE SOUZA', 1377, '2020-06-19 15:00:00', '2020-06-19 15:00:00', 'S'),
(1379, 'ADELINO PAIXAO CORREIA', 1379, '2020-06-19 15:00:00', '2020-06-19 15:00:00', 'S'),
(1383, 'RHIAN ANTUNES DE MELO SOARES', 1383, '2020-06-19 15:00:00', '2020-06-19 15:00:00', 'S'),
(1384, 'WEVERTON RODRIGUES PORTO SILVA', 1384, '2020-06-19 15:00:00', '2020-06-19 15:00:00', 'S'),
(1386, 'EDVANDRO ALVES DA ROCHA', 1386, '2020-06-19 15:00:00', '2020-06-19 15:00:00', 'S'),
(1388, 'JHONATHA APARECIDO GONCALVES A', 1388, '2020-06-19 15:00:00', '2020-06-19 15:00:00', 'S'),
(1389, 'PAULO DIAS DA SILVA', 1389, '2020-06-19 15:00:00', '2020-06-19 15:00:00', 'S'),
(1390, 'FLAVIO MONTEIRO DOS SANTOS', 1390, '2020-06-19 15:00:00', '2020-06-19 15:00:00', 'S'),
(1392, 'EDILON JOSE MACHADO', 1392, '2020-06-19 15:00:00', '2020-06-19 15:00:00', 'S'),
(1394, 'ANGELO FREIRE MARINCEK', 1394, '2020-06-19 15:00:00', '2020-06-19 15:00:00', 'S'),
(1395, 'CARINA LOPES SANTANA', 1395, '2020-06-19 15:00:00', '2020-06-19 15:00:00', 'S'),
(1456, 'LUAN DIAS SOARES', 1456, '2020-06-19 15:00:00', '2020-06-19 15:00:00', 'S'),
(1457, 'LEONARDO SOARES DA SILVA', 1457, '2020-06-19 15:00:00', '2020-06-19 15:00:00', 'S'),
(1458, 'WALISSON JULIAO DE SOUSA', 1458, '2020-06-19 15:00:00', '2020-06-19 15:00:00', 'S'),
(1465, 'GILSON JOSE SOARES', 1465, '2020-06-19 15:00:00', '2020-06-19 15:00:00', 'S'),
(1467, 'ALEX DE OLIVEIRA BARROS', 1467, '2020-06-19 15:00:00', '2020-06-19 15:00:00', 'S'),
(1468, 'SILAS NASCIMENTO FREIRE', 1468, '2020-06-19 15:00:00', '2020-06-19 15:00:00', 'S'),
(1473, 'THALES MORAIS VASCONCELOS', 1473, '2020-06-19 15:00:00', '2020-06-19 15:00:00', 'S'),
(1474, 'MARLOS FARIA GUIMARAES', 1474, '2020-06-19 15:00:00', '2020-06-19 15:00:00', 'S'),
(1480, 'ROSANA VIEIRA DE FARIA', 1480, '2020-06-19 15:00:00', '2020-06-19 15:00:00', 'S'),
(1481, 'JOSE CARLOS GONCALVES ARAUJO', 1481, '2020-06-19 15:00:00', '2020-06-19 15:00:00', 'S'),
(1484, 'LIDIANE OLIVEIRA PERES', 1484, '2020-06-19 15:00:00', '2020-06-19 15:00:00', 'S'),
(1485, 'FABIANE LOPES BARBOSA VIEIRA', 1485, '2020-06-19 15:00:00', '2020-06-19 15:00:00', 'S'),
(1486, 'CHRISTIAN FARIA DE OLIVEIRA', 1486, '2020-06-19 15:00:00', '2020-06-19 15:00:00', 'S'),
(1489, 'RAFAEL FARIAS LIMA', 1489, '2020-06-19 15:00:00', '2020-06-19 15:00:00', 'S'),
(1493, 'GUILHERME DA SILVA RODRIGUES', 1493, '2020-06-19 15:00:00', '2020-06-19 15:00:00', 'S'),
(1494, 'TALLES ARAUJO ALBERNAZ', 1494, '2020-06-19 15:00:00', '2020-06-19 15:00:00', 'S'),
(1495, 'WAGNER MONTEIRO LIMA', 1495, '2020-06-19 15:00:00', '2020-06-19 15:00:00', 'S'),
(1496, 'ENIO FERREIRA DE MELO', 1496, '2020-06-19 15:00:00', '2020-06-19 15:00:00', 'S'),
(1498, 'VILMAR GERALDO DA SILVA', 1498, '2020-06-19 15:00:00', '2020-06-19 15:00:00', 'S'),
(1503, 'DAIANE MOREIRA DA SILVA', 1503, '2020-06-19 15:00:00', '2020-06-19 15:00:00', 'S'),
(1506, 'SEBASTIAO SIMOES LOPES FILHO', 1506, '2020-06-19 15:00:00', '2020-06-19 15:00:00', 'S'),
(1509, 'MARCUS PAULO MONTEIRO DA SILVA', 1509, '2020-06-19 15:00:00', '2020-06-19 15:00:00', 'S'),
(1516, 'GENILSON RODRIGUES DE SOUSA', 1516, '2020-06-19 15:00:00', '2020-06-19 15:00:00', 'S'),
(1522, 'JOAO PAULO OLIVEIRA', 1522, '2020-06-19 15:00:00', '2020-06-19 15:00:00', 'S'),
(1535, 'LAURA DUARTE ALVES', 1535, '2020-06-19 15:00:00', '2020-06-19 15:00:00', 'S'),
(1538, 'JOAO HENRIQUE EZIQUIEL', 1538, '2020-06-19 15:00:00', '2020-06-19 15:00:00', 'S'),
(1539, 'CAIQUE MONTEIRO BATISTA NEIVA', 1539, '2020-06-19 15:00:00', '2020-06-19 15:00:00', 'S'),
(1540, 'LUCAS GABRIEL ARAUJO BRITO', 1540, '2020-06-19 15:00:00', '2020-06-19 15:00:00', 'S'),
(1541, 'FELIPE DE OLIVEIRA SILVA', 1541, '2020-06-19 15:00:00', '2020-06-19 15:00:00', 'S'),
(1543, 'ISAMARA HELENA DA SILVA', 1543, '2020-06-19 15:00:00', '2020-06-19 15:00:00', 'S'),
(1544, 'ITAMAR DIAS DA SILVA', 1544, '2020-06-19 15:00:00', '2020-06-19 15:00:00', 'S'),
(1548, 'MARCOS VINICIUS SANTANA DAS', 1548, '2020-06-19 15:00:00', '2020-06-19 15:00:00', 'S'),
(1549, 'MARLEY TIBERIO BARBOSA', 1549, '2020-06-19 15:00:00', '2020-06-19 15:00:00', 'S'),
(1552, 'ITALO BATISTA DE OLIVEIRA', 1552, '2020-06-19 15:00:00', '2020-06-19 15:00:00', 'S'),
(1553, 'GUSTAVO ARAGAO BORGES', 1553, '2020-06-19 15:00:00', '2020-06-19 15:00:00', 'S'),
(1554, 'CARLOS DANIEL GOMES SILVA', 1554, '2020-06-19 15:00:00', '2020-06-19 15:00:00', 'S'),
(1555, 'MAURO LUCIO GONCALVES RIBEIRO', 1555, '2020-06-19 15:00:00', '2020-06-19 15:00:00', 'S'),
(1556, 'RICARDO ARAUJO SANTOS', 1556, '2020-06-19 15:00:00', '2020-06-19 15:00:00', 'S'),
(1567, 'JOSIANE GONCALVES RODRIGUES NE', 1567, '2020-06-19 15:00:00', '2020-06-19 15:00:00', 'S'),
(1568, 'MARCELO SEVERINO DA SILVA', 1568, '2020-06-19 15:00:00', '2020-06-19 15:00:00', 'S'),
(1569, 'LEANDRO ALBERNAZ RIBEIRO', 1569, '2020-06-19 15:00:00', '2020-06-19 15:00:00', 'S'),
(1570, 'NATAN CORREIA DE ANDRADE', 1570, '2020-06-19 15:00:00', '2020-06-19 15:00:00', 'S'),
(1572, 'FELIPE FERREIRA BARBOSA', 1572, '2020-06-19 15:00:00', '2020-06-19 15:00:00', 'S'),
(1573, 'VALQUIRIA COIMBRA MENDES', 1573, '2020-06-19 15:00:00', '2020-06-19 15:00:00', 'S'),
(1574, 'IORRAN STEFANY FERREIRA DA SIL', 1574, '2020-06-19 15:00:00', '2020-06-19 15:00:00', 'S'),
(1575, 'DENIS RODRIGUES DOS SANTOS', 1575, '2020-06-19 15:00:00', '2020-06-19 15:00:00', 'S'),
(1577, 'FRANKLIN DELANO PERES DA SILVA', 1577, '2020-06-19 15:00:00', '2020-06-19 15:00:00', 'S'),
(1586, 'ALESSANDRO FERREIRA DOS SANTOS', 1586, '2020-06-19 15:00:00', '2020-06-19 15:00:00', 'S'),
(1587, 'JOAO GERALDO DA SILVA', 1587, '2020-06-19 15:00:00', '2020-06-19 15:00:00', 'S'),
(1589, 'SABRINA NOGUEIRA PONTES', 1589, '2020-06-19 15:00:00', '2020-06-19 15:00:00', 'S'),
(1590, 'FRANCINY GABRIELLA CARDOSO MOR', 1590, '2020-06-19 15:00:00', '2020-06-19 15:00:00', 'S'),
(1591, 'NATAN JUNIO DA SILVA', 1591, '2020-06-19 15:00:00', '2020-06-19 15:00:00', 'S'),
(1592, 'VENCESLAU SILVA NEIVA', 1592, '2020-06-19 15:00:00', '2020-06-19 15:00:00', 'S'),
(1594, 'WESLEY MONTEIRO DOS SANTOS', 1594, '2020-06-19 15:00:00', '2020-06-19 15:00:00', 'S'),
(1595, 'VILSON LUIZ COSTA DA SILVA', 1595, '2020-06-19 15:00:00', '2020-06-19 15:00:00', 'S'),
(1597, 'RANIEL RODRIGUES OLIVEIRA', 1597, '2020-06-19 15:00:00', '2020-06-19 15:00:00', 'S'),
(1598, 'GENIVALDO ARAUJO DE LIMA', 1598, '2020-06-19 15:00:00', '2020-06-19 15:00:00', 'S'),
(1600, 'JOSILENE MARTINS AMORIM', 1600, '2020-06-19 15:00:00', '2020-06-19 15:00:00', 'S'),
(1601, 'CAMILA TIEMI HORI DE CAMARGOS', 1601, '2020-06-19 15:00:00', '2020-06-19 15:00:00', 'S'),
(1602, 'BRUNO NASCIMENTO DOS SANTOS', 1602, '2020-06-19 15:00:00', '2020-06-19 15:00:00', 'S'),
(1603, 'ELAINE FERNANDES FERREIRA', 1603, '2020-06-19 15:00:00', '2020-06-19 15:00:00', 'S'),
(1605, 'DENIS ALBERTO DE OLIVEIRA', 1605, '2020-06-19 15:00:00', '2020-06-19 15:00:00', 'S'),
(1606, 'IGOR RIBEIRO DA SILVA', 1606, '2020-06-19 15:00:00', '2020-06-19 15:00:00', 'S'),
(1613, 'CHARLES GERCY LOPES', 1613, '2020-06-19 15:00:00', '2020-06-19 15:00:00', 'S'),
(1615, 'TATIANE ANDRADE MACHADO RODRIG', 1615, '2020-06-19 15:00:00', '2020-06-19 15:00:00', 'S'),
(1619, 'LUELE SOUZA DA SILVA', 1619, '2020-06-19 15:00:00', '2020-06-19 15:00:00', 'S'),
(1622, 'DEISIELLE SILVA SOUZA', 1622, '2020-06-19 15:00:00', '2020-06-19 15:00:00', 'S'),
(1624, 'ROMARIO DE SOUZA GOUVEIA', 1624, '2020-06-19 15:00:00', '2020-06-19 15:00:00', 'S'),
(1632, 'RUBENS ANTONIO PEREIRA', 1632, '2020-06-19 15:00:00', '2020-06-19 15:00:00', 'S'),
(1634, 'FILIPE GONCALVES DOS REIS DE A', 1634, '2020-06-19 15:00:00', '2020-06-19 15:00:00', 'S'),
(1637, 'MATEUS CAETANO COSTA', 1637, '2020-06-19 15:00:00', '2020-06-19 15:00:00', 'S'),
(1638, 'FABIANO TEIXEIRA OLIVEIRA', 1638, '2020-06-19 15:00:00', '2020-06-19 15:00:00', 'S'),
(1650, 'MICHELE PEREIRA DA SILVA', 1650, '2020-06-19 15:00:00', '2020-06-19 15:00:00', 'S'),
(1654, 'JAQUELINE ROSA GOMES', 1654, '2020-06-19 15:00:00', '2020-06-19 15:00:00', 'S'),
(1659, 'PAULO DE MELO JUNIOR', 1659, '2020-06-19 15:00:00', '2020-06-19 15:00:00', 'S'),
(1664, 'ROBERTH GOMES CALDAS', 1664, '2020-06-19 15:00:00', '2020-06-19 15:00:00', 'S'),
(1665, 'LUAN MORAIS QUINTINO', 1665, '2020-06-19 15:00:00', '2020-06-19 15:00:00', 'S'),
(1668, 'ISAIAS FRANCISCO ELIAS', 1668, '2020-06-19 15:00:00', '2020-06-19 15:00:00', 'S'),
(1671, 'PABLO BATISTA DE SOUZA', 1671, '2020-06-19 15:00:00', '2020-06-19 15:00:00', 'S'),
(1672, 'CLEBER JUNIO NASCIMENTO CHAVES', 1672, '2020-06-19 15:00:00', '2020-06-19 15:00:00', 'S'),
(1673, 'TIAGO SILVA SOUSA', 1673, '2020-06-19 15:00:00', '2020-06-19 15:00:00', 'S'),
(1677, 'ARIANE APARECIDA OLIVEIRA DA S', 1677, '2020-06-19 15:00:00', '2020-06-19 15:00:00', 'S'),
(1716, 'WILLIAN MOREIRA MONTEIRO', 1716, '2020-06-19 15:00:00', '2020-06-19 15:00:00', 'S'),
(1717, 'JULIANA FERREIRA GUIMARAES', 1717, '2020-06-19 15:00:00', '2020-06-19 15:00:00', 'S'),
(1751, 'LEANDRO GONCALVES PEREIRA', 1751, '2020-06-19 15:00:00', '2020-06-19 15:00:00', 'S'),
(1757, 'ALAN SALVADOR SOARES SANTOS', 1757, '2020-06-19 15:00:00', '2020-06-19 15:00:00', 'S'),
(1761, 'FERNANDO DA SILVA COUTO', 1761, '2020-06-19 15:00:00', '2020-06-19 15:00:00', 'S'),
(1766, 'LEONARDO PEREIRA DA SILVA', 1766, '2020-06-19 15:00:00', '2020-06-19 15:00:00', 'S'),
(1767, 'DAIANE ARAUJO LOPES', 1767, '2020-06-19 15:00:00', '2020-06-19 15:00:00', 'S'),
(1770, 'LAILA DE OLIVEIRA', 1770, '2020-06-19 15:00:00', '2020-06-19 15:00:00', 'S'),
(1771, 'JOAO VITOR MARTINS DOS SANTOS', 1771, '2020-06-19 15:00:00', '2020-06-19 15:00:00', 'S'),
(1773, 'LUIZ ANDRE ALVES DUARTE', 1773, '2020-06-19 15:00:00', '2020-06-19 15:00:00', 'S'),
(1777, 'MURILO FIUZA CORREA', 1777, '2020-06-19 15:00:00', '2020-06-19 15:00:00', 'S'),
(1780, 'SABRINA HORRANE JOSE LUIZ CARD', 1780, '2020-06-19 15:00:00', '2020-06-19 15:00:00', 'S'),
(1781, 'JOANA D\'ARC RABELO COUTO', 1781, '2020-06-19 15:00:00', '2020-06-19 15:00:00', 'S'),
(1784, 'SARAH REGINA DOS REIS SILVA', 1784, '2020-06-19 15:00:00', '2020-06-19 15:00:00', 'S'),
(1785, 'RAFAEL CALDAS SOUTO', 1785, '2020-06-19 15:00:00', '2020-06-19 15:00:00', 'S'),
(1786, 'RONIVAN MONTEIRO RESENDE', 1786, '2020-06-19 15:00:00', '2020-06-19 15:00:00', 'S'),
(1789, 'DELANO RODRIGUES BARBOSA', 1789, '2020-06-19 15:00:00', '2020-06-19 15:00:00', 'S'),
(1800, 'PATRICIA LEONARDO REGES', 1800, '2020-06-19 15:00:00', '2020-06-19 15:00:00', 'S'),
(1828, 'DANIELA DA COSTA CALCADO', 1828, '2020-06-19 15:00:00', '2020-06-19 15:00:00', 'S'),
(1830, 'GABRYELLA DINIZ FERREIRA', 1830, '2020-06-19 15:00:00', '2020-06-19 15:00:00', 'S'),
(1831, 'DHIEGO PEREIRA BARBOSA', 1831, '2020-06-19 15:00:00', '2020-06-19 15:00:00', 'S'),
(1833, 'ITALO BARBOSA MENDONCA', 1833, '2020-06-19 15:00:00', '2020-06-19 15:00:00', 'S'),
(1834, 'ANDERSON VASCONCELOS CHAVES', 1834, '2020-06-19 15:00:00', '2020-06-19 15:00:00', 'S'),
(1836, 'LUCAS HIAGO RODRIGUES DE LIMA', 1836, '2020-06-19 15:00:00', '2020-06-19 15:00:00', 'S'),
(1837, 'IRANILTON RODRIGUES COSTA', 1837, '2020-06-19 15:00:00', '2020-06-19 15:00:00', 'S'),
(1838, 'CAIRO OLIVEIRA MELO', 1838, '2020-06-19 15:00:00', '2020-06-19 15:00:00', 'S'),
(1839, 'JEFERSON PEREIRA MARTINS', 1839, '2020-06-19 15:00:00', '2020-06-19 15:00:00', 'S'),
(1840, 'FABIANO PEREIRA DOS SANTOS', 1840, '2020-06-19 15:00:00', '2020-06-19 15:00:00', 'S'),
(1841, 'FILLUZRREIZS TIBERIO LIMA', 1841, '2020-06-19 15:00:00', '2020-06-19 15:00:00', 'S'),
(1842, 'JOSE NILTON MOREIRA DA SILVA', 1842, '2020-06-19 15:00:00', '2020-06-19 15:00:00', 'S'),
(1843, 'VINICIUS RUELA DOS SANTOS', 1843, '2020-06-19 15:00:00', '2020-06-19 15:00:00', 'S'),
(1844, 'MARCOS JOSE LINDOLFO', 1844, '2020-06-19 15:00:00', '2020-06-19 15:00:00', 'S'),
(1845, 'GABRIELA SOARES NASCIMENTO', 1845, '2020-06-19 15:00:00', '2020-06-19 15:00:00', 'S'),
(1846, 'LETICIA CRISTINA FREITAS SILVA', 1846, '2020-06-19 15:00:00', '2020-06-19 15:00:00', 'S'),
(1848, 'GERALDO JUNIO DA SILVA COSTA', 1848, '2020-06-19 15:00:00', '2020-06-19 15:00:00', 'S'),
(1851, 'JOAO MARCOS SOUSA PEREIRA', 1851, '2020-06-19 15:00:00', '2020-06-19 15:00:00', 'S'),
(1853, 'JONATHAS ANDRADE DA SILVA', 1853, '2020-06-19 15:00:00', '2020-06-19 15:00:00', 'S'),
(1854, 'EDSON RODRIGUES DINIZ', 1854, '2020-06-19 15:00:00', '2020-06-19 15:00:00', 'S'),
(1855, 'EDSON DE SOUZA', 1855, '2020-06-19 15:00:00', '2020-06-19 15:00:00', 'S'),
(1856, 'ANTONIO VITOR GOMES', 1856, '2020-06-19 15:00:00', '2020-06-19 15:00:00', 'S'),
(1857, 'IGOR BARBOSA DE BRITO', 1857, '2020-06-19 15:00:00', '2020-06-19 15:00:00', 'S'),
(1858, 'GILCIMAR SILVA ARAUJO', 1858, '2020-06-19 15:00:00', '2020-06-19 15:00:00', 'S'),
(1859, 'ITALO ARAUJO DINIZ', 1859, '2020-06-19 15:00:00', '2020-06-19 15:00:00', 'S'),
(1860, 'GERALDO C TEIXEIRA FILHO', 1860, '2020-06-19 15:00:00', '2020-06-19 15:00:00', 'S'),
(1862, 'DOUGLAS PINTO RABELO', 1862, '2020-06-19 15:00:00', '2020-06-19 15:00:00', 'S'),
(1863, 'MARCIO MONTEIRO DA SILVA', 1863, '2020-06-19 15:00:00', '2020-06-19 15:00:00', 'S'),
(1864, 'LEANDRO FERNANDES COSTA', 1864, '2020-06-19 15:00:00', '2020-06-19 15:00:00', 'S'),
(1865, 'NILSON NETO DE OLIVEIRA', 1865, '2020-06-19 15:00:00', '2020-06-19 15:00:00', 'S'),
(1866, 'CAIO HENRIQUE S ARAUJO', 1866, '2020-06-19 15:00:00', '2020-06-19 15:00:00', 'S'),
(1867, 'DIEVERTON CARDOSO DE OLIVEIRA', 1867, '2020-06-19 15:00:00', '2020-06-19 15:00:00', 'S'),
(1868, 'LADSON SEBASTIAO M BOITRAGO', 1868, '2020-06-19 15:00:00', '2020-06-19 15:00:00', 'S'),
(1869, 'RODRIGO ALVES DINIZ', 1869, '2020-06-19 15:00:00', '2020-06-19 15:00:00', 'S'),
(1870, 'RAIMUNDO DE OLIVEIRA ANDRADE', 1870, '2020-06-19 15:00:00', '2020-06-19 15:00:00', 'S'),
(1871, 'LUIZ GUSTAVO REIS VILELA', 1871, '2020-06-19 15:00:00', '2020-06-19 15:00:00', 'S'),
(1872, 'RAFAEL PEREIRA DA SILVA', 1872, '2020-06-19 15:00:00', '2020-06-19 15:00:00', 'S'),
(1873, 'JONATHAN VIANA JOSE LUIZ', 1873, '2020-06-19 15:00:00', '2020-06-19 15:00:00', 'S'),
(1874, 'ALEX MARCOS BARBOSA MARQUES', 1874, '2020-06-19 15:00:00', '2020-06-19 15:00:00', 'S'),
(1875, 'ADRIANO PEREIRA DA CRUZ', 1875, '2020-06-19 15:00:00', '2020-06-19 15:00:00', 'S'),
(1876, 'VALDECI NETO DE OLIVEIRA', 1876, '2020-06-19 15:00:00', '2020-06-19 15:00:00', 'S'),
(1877, 'NATAN OLIVEIRA SANTOS', 1877, '2020-06-19 15:00:00', '2020-06-19 15:00:00', 'S'),
(1878, 'PAULO HENRIQUE C DOS SANTOS', 1878, '2020-06-19 15:00:00', '2020-06-19 15:00:00', 'S'),
(1880, 'THALES ALVES TEIXEIRA', 1880, '2020-06-19 15:00:00', '2020-06-19 15:00:00', 'S'),
(1881, 'FELIPE TEIXEIRA OLIVEIRA', 1881, '2020-06-19 15:00:00', '2020-06-19 15:00:00', 'S'),
(1882, 'MARIA EUNICE SOUZA SANTANA', 1882, '2020-06-19 15:00:00', '2020-06-19 15:00:00', 'S'),
(1883, 'MATEUS MEIRELES  RORIZ LIMA', 1883, '2020-06-19 15:00:00', '2020-06-19 15:00:00', 'S'),
(1884, 'ANTONIO ROBERTO DAS NEVES', 1884, '2020-06-19 15:00:00', '2020-06-19 15:00:00', 'S'),
(1885, 'ALEX SANDRO SILVA DE ALMEIDA', 1885, '2020-06-19 15:00:00', '2020-06-19 15:00:00', 'S'),
(1886, 'BRUNO MANOEL ALVES DOS SANTOS', 1886, '2020-06-19 15:00:00', '2020-06-19 15:00:00', 'S'),
(1887, 'MARCIO FERREIRA DOS SANTOS', 1887, '2020-06-19 15:00:00', '2020-06-19 15:00:00', 'S'),
(1888, 'CRISTIANO APARECIDO MARTINS', 1888, '2020-06-19 15:00:00', '2020-06-19 15:00:00', 'S'),
(1889, 'ANDREI DA SILVA NEIVA', 1889, '2020-06-19 15:00:00', '2020-06-19 15:00:00', 'S'),
(1891, 'DEIVIDI JUNIOR COSTA SILVA', 1891, '2020-06-19 15:00:00', '2020-06-19 15:00:00', 'S'),
(1892, 'NATIELLE RODRIGUES OLIVEIRA', 1892, '2020-06-19 15:00:00', '2020-06-19 15:00:00', 'S'),
(1893, 'KEYFELLA KATIANE A ARAUJO', 1893, '2020-06-19 15:00:00', '2020-06-19 15:00:00', 'S'),
(1894, 'IVANDA MARIA OLIVEIRA MARQUES', 1894, '2020-06-19 15:00:00', '2020-06-19 15:00:00', 'S'),
(1895, 'PEDRO HENRIQUE R DOS SANTOS', 1895, '2020-06-19 15:00:00', '2020-06-19 15:00:00', 'S'),
(1897, 'BALTAZAR NASCIMENTO DA SILVA', 1897, '2020-06-19 15:00:00', '2020-06-19 15:00:00', 'S'),
(1898, 'ADEMAR FERREIRA XAVIER', 1898, '2020-06-19 15:00:00', '2020-06-19 15:00:00', 'S'),
(1899, 'RANDER MOREIRA', 1899, '2020-06-19 15:00:00', '2020-06-19 15:00:00', 'S'),
(1900, 'MARCOS ANTONIO DE OLIVEIRA', 1900, '2020-06-19 15:00:00', '2020-06-19 15:00:00', 'S'),
(1901, 'JAQUELINE FERREIRA DOS ANJOS', 1901, '2020-06-19 15:00:00', '2020-06-19 15:00:00', 'S'),
(1903, 'MARIA DE FATIMA DE SOUSA', 1903, '2020-06-19 15:00:00', '2020-06-19 15:00:00', 'S'),
(1904, 'FERNANDA GONCALVES CRUZEIRO', 1904, '2020-06-19 15:00:00', '2020-06-19 15:00:00', 'S'),
(1905, 'MARIA EFIGENIA BARBOSA DE BRIT', 1905, '2020-06-19 15:00:00', '2020-06-19 15:00:00', 'S'),
(1906, 'CELINA OLIVEIRA DO CARMO', 1906, '2020-06-19 15:00:00', '2020-06-19 15:00:00', 'S'),
(1907, 'ROSILENE CELESTINO FERREIRA', 1907, '2020-06-19 15:00:00', '2020-06-19 15:00:00', 'S'),
(1908, 'STEFANI RIBEIRO DE SOUZA', 1908, '2020-06-19 15:00:00', '2020-06-19 15:00:00', 'S'),
(1909, 'ANGELICA PEREIRA GONCALVES DA', 1909, '2020-06-19 15:00:00', '2020-06-19 15:00:00', 'S'),
(1910, 'NOELIANE SILVA MIRANDA LIMA', 1910, '2020-06-19 15:00:00', '2020-06-19 15:00:00', 'S'),
(1911, 'LUCIENE TEIXEIRA DE ARAUJO', 1911, '2020-06-19 15:00:00', '2020-06-19 15:00:00', 'S'),
(1912, 'TATIANE LARISSA OLIVEIRA LEITE', 1912, '2020-06-19 15:00:00', '2020-06-19 15:00:00', 'S'),
(1913, 'JOICE FERREIRA NASCIMENTO', 1913, '2020-06-19 15:00:00', '2020-06-19 15:00:00', 'S'),
(1914, 'SELMA FERREIRA DE ARAUJO', 1914, '2020-06-19 15:00:00', '2020-06-19 15:00:00', 'S'),
(1915, 'JULIANA GONCALVES DOS SANTOS S', 1915, '2020-06-19 15:00:00', '2020-06-19 15:00:00', 'S'),
(1916, 'JAINE VIEIRA LIMA DE MELO', 1916, '2020-06-19 15:00:00', '2020-06-19 15:00:00', 'S'),
(1917, 'MARIA INEZ FLORIANO MENESES', 1917, '2020-06-19 15:00:00', '2020-06-19 15:00:00', 'S'),
(1918, 'RENATA FERREIRA BRANDAO', 1918, '2020-06-19 15:00:00', '2020-06-19 15:00:00', 'S'),
(1919, 'GEOVANIA RIBEIRO DE SOUZA', 1919, '2020-06-19 15:00:00', '2020-06-19 15:00:00', 'S'),
(1921, 'ELISANGELA PONCIANO DE ALMEIDA', 1921, '2020-06-19 15:00:00', '2020-06-19 15:00:00', 'S'),
(1923, 'VALDETE PIRES DE OLIVEIRA NASC', 1923, '2020-06-19 15:00:00', '2020-06-19 15:00:00', 'S'),
(1924, 'ANNE GABRIELLE OLIVEIRA XAVIER', 1924, '2020-06-19 15:00:00', '2020-06-19 15:00:00', 'S'),
(1925, 'BRUNA NUNES DOS SANTOS', 1925, '2020-06-19 15:00:00', '2020-06-19 15:00:00', 'S'),
(1927, 'LUCIENE A PEREIRA SANTANA', 1927, '2020-06-19 15:00:00', '2020-06-19 15:00:00', 'S'),
(1928, 'ILDETE PEREIRA ALVES', 1928, '2020-06-19 15:00:00', '2020-06-19 15:00:00', 'S'),
(1929, 'CAMILA PEREIRA  DA CRUZ', 1929, '2020-06-19 15:00:00', '2020-06-19 15:00:00', 'S'),
(1930, 'JULIANA RODRIGUES XAVIER', 1930, '2020-06-19 15:00:00', '2020-06-19 15:00:00', 'S'),
(1931, 'MIRIAM AUGUSTA PEREIRA', 1931, '2020-06-19 15:00:00', '2020-06-19 15:00:00', 'S'),
(1932, 'JAQUELINE RIBEIRO GOMES', 1932, '2020-06-19 15:00:00', '2020-06-19 15:00:00', 'S'),
(1933, 'MIRIAN GONCALVES DA SILVA', 1933, '2020-06-19 15:00:00', '2020-06-19 15:00:00', 'S'),
(1934, 'JESSICA PINHEIRO GONCALVES', 1934, '2020-06-19 15:00:00', '2020-06-19 15:00:00', 'S'),
(1935, 'VANUZA TEIXEIRA BARBOSA', 1935, '2020-06-19 15:00:00', '2020-06-19 15:00:00', 'S'),
(1936, 'MARIA DE FATIMA FERREIRA DOS S', 1936, '2020-06-19 15:00:00', '2020-06-19 15:00:00', 'S'),
(1937, 'TANIA CRISTINA PEREIRA DE OLIV', 1937, '2020-06-19 15:00:00', '2020-06-19 15:00:00', 'S'),
(1938, 'FERNANDA RITA FERREIRA DOS SAN', 1938, '2020-06-19 15:00:00', '2020-06-19 15:00:00', 'S'),
(1939, 'IVANIA GOUVEIA COIMBRA', 1939, '2020-06-19 15:00:00', '2020-06-19 15:00:00', 'S'),
(1940, 'FRANCISCA TELES CAVALCANTE', 1940, '2020-06-19 15:00:00', '2020-06-19 15:00:00', 'S'),
(1941, 'RAFAELA OLIVEIRA DUARTE', 1941, '2020-06-19 15:00:00', '2020-06-19 15:00:00', 'S'),
(1942, 'CAROLINA PEREIRA OLIVEIRA', 1942, '2020-06-19 15:00:00', '2020-06-19 15:00:00', 'S'),
(1943, 'REJANE FERREIRA CALDAS', 1943, '2020-06-19 15:00:00', '2020-06-19 15:00:00', 'S'),
(1944, 'VALDINEIA SEIXAS PEREIRA', 1944, '2020-06-19 15:00:00', '2020-06-19 15:00:00', 'S'),
(1945, 'CLEONICE NEIVA DE OLIVEIRA', 1945, '2020-06-19 15:00:00', '2020-06-19 15:00:00', 'S'),
(1947, 'REGINA JOSE LUIZ MELO', 1947, '2020-06-19 15:00:00', '2020-06-19 15:00:00', 'S'),
(1948, 'EDINEIA JOSE DE CARVALHO', 1948, '2020-06-19 15:00:00', '2020-06-19 15:00:00', 'S'),
(1949, 'TAMIRES OLIVEIRA DE ASSIS', 1949, '2020-06-19 15:00:00', '2020-06-19 15:00:00', 'S'),
(1950, 'ANDERSON DA CRUZ MENDONCA', 1950, '2020-06-19 15:00:00', '2020-06-19 15:00:00', 'S'),
(1951, 'PAULO ROBERTO MONTEIRO DOS SAN', 1951, '2020-06-19 15:00:00', '2020-06-19 15:00:00', 'S'),
(1952, 'ENILCE VAZ DA SILVA', 1952, '2020-06-19 15:00:00', '2020-06-19 15:00:00', 'S'),
(1953, 'JACKELINE DE QUEIROZ SANTOS', 1953, '2020-06-19 15:00:00', '2020-06-19 15:00:00', 'S'),
(1954, 'JULIANE FERREIRA DE MELO', 1954, '2020-06-19 15:00:00', '2020-06-19 15:00:00', 'S'),
(1955, 'VERONICA SILVA BOITRAGO', 1955, '2020-06-19 15:00:00', '2020-06-19 15:00:00', 'S'),
(1956, 'ROSELY DO NASCIMENTO LOPES', 1956, '2020-06-19 15:00:00', '2020-06-19 15:00:00', 'S'),
(1957, 'MARIZETE PEREIRA DE SOUSA', 1957, '2020-06-19 15:00:00', '2020-06-19 15:00:00', 'S'),
(1958, 'JAINE APARECIDA ARAUJO MOREIRA', 1958, '2020-06-19 15:00:00', '2020-06-19 15:00:00', 'S'),
(1959, 'PAULO VICTOR DE SOUZA FONSECA', 1959, '2020-06-19 15:00:00', '2020-06-19 15:00:00', 'S'),
(1960, 'SIDNEY DA SILVA COUTO', 1960, '2020-06-19 15:00:00', '2020-06-19 15:00:00', 'S'),
(1961, 'KARINA LOPES DANTAS', 1961, '2020-06-19 15:00:00', '2020-06-19 15:00:00', 'S'),
(1962, 'BRUNO FILIPE RODRIGUES BARBOSA', 1962, '2020-06-19 15:00:00', '2020-06-19 15:00:00', 'S'),
(1963, 'ALAN AREDA VASCONCELOS', 1963, '2020-06-19 15:00:00', '2020-06-19 15:00:00', 'S'),
(1964, 'RONALDO PEREIRA DE SOUZA', 1964, '2020-06-19 15:00:00', '2020-06-19 15:00:00', 'S'),
(1965, 'ALISSON OLIVEIRA M DA SILVA', 1965, '2020-06-19 15:00:00', '2020-06-19 15:00:00', 'S'),
(1966, 'VITOR HUGO DA SILVA GOMES', 1966, '2020-06-19 15:00:00', '2020-06-19 15:00:00', 'S'),
(1968, 'LUCAS PEREIRA VAZ', 1968, '2020-06-19 15:00:00', '2020-06-19 15:00:00', 'S'),
(1969, 'WELC FERREIRA LIMA', 1969, '2020-06-19 15:00:00', '2020-06-19 15:00:00', 'S'),
(1970, 'IGOR JOSE GOMES OLIVEIRA', 1970, '2020-06-19 15:00:00', '2020-06-19 15:00:00', 'S'),
(1971, 'CAIO RAFAEL LOPES SOARES', 1971, '2020-06-19 15:00:00', '2020-06-19 15:00:00', 'S'),
(1972, 'MARCOS ANTONIO CANDIDO PEREIRA', 1972, '2020-06-19 15:00:00', '2020-06-19 15:00:00', 'S'),
(1973, 'EDMAR DIAS GOMES', 1973, '2020-06-19 15:00:00', '2020-06-19 15:00:00', 'S'),
(1974, 'FABIANA APARECIDA XAVIER', 1974, '2020-06-19 15:00:00', '2020-06-19 15:00:00', 'S'),
(1975, 'ARTUR MARTINS MENDONCA FERNAND', 1975, '2020-06-19 15:00:00', '2020-06-19 15:00:00', 'S'),
(1976, 'ROMIS DA SILVA MENDONCA', 1976, '2020-06-19 15:00:00', '2020-06-19 15:00:00', 'S'),
(1977, 'RAIMUNDA SANTOS MOTA', 1977, '2020-06-19 15:00:00', '2020-06-19 15:00:00', 'S'),
(1978, 'DILVA MACIEL COSTA', 1978, '2020-06-19 15:00:00', '2020-06-19 15:00:00', 'S'),
(1979, 'IVONILDE MOREIRA COIMBRA', 1979, '2020-06-19 15:00:00', '2020-06-19 15:00:00', 'S'),
(1980, 'JOSELIA DIAS DA SILVA', 1980, '2020-06-19 15:00:00', '2020-06-19 15:00:00', 'S'),
(1981, 'JAQUELINE OLIVEIRA SILVA', 1981, '2020-06-19 15:00:00', '2020-06-19 15:00:00', 'S'),
(1982, 'GRACIELA PEREIRA BARBOSA', 1982, '2020-06-19 15:00:00', '2020-06-19 15:00:00', 'S'),
(1983, 'PAULO CESAR SANTOS OLIVEIRA', 1983, '2020-06-19 15:00:00', '2020-06-19 15:00:00', 'S'),
(1984, 'SORAIA SOARES FERREIRA', 1984, '2020-06-19 15:00:00', '2020-06-19 15:00:00', 'S'),
(1985, 'MATHEUS DE MOURA RAMOS', 1985, '2020-06-19 15:00:00', '2020-06-19 15:00:00', 'S'),
(1986, 'KATIA OLIVEIRA VIANA', 1986, '2020-06-19 15:00:00', '2020-06-19 15:00:00', 'S'),
(1987, 'RAQUEL APARECIDA MENDES DA SIL', 1987, '2020-06-19 15:00:00', '2020-06-19 15:00:00', 'S'),
(1988, 'JESSICA LISBOA DIAS', 1988, '2020-06-19 15:00:00', '2020-06-19 15:00:00', 'S'),
(1989, 'ELIANE GONCALVES DA SILVA', 1989, '2020-06-19 15:00:00', '2020-06-19 15:00:00', 'S'),
(1990, 'JULIANE LOURENCO RUELA', 1990, '2020-06-19 15:00:00', '2020-06-19 15:00:00', 'S'),
(1991, 'AILMA SIDNEY SANTANA', 1991, '2020-06-19 15:00:00', '2020-06-19 15:00:00', 'S'),
(1992, 'ADRIANA VIEIRA DE SOUZA', 1992, '2020-06-19 15:00:00', '2020-06-19 15:00:00', 'S'),
(1993, 'JULIETE DA SILVA TEIXEIRA', 1993, '2020-06-19 15:00:00', '2020-06-19 15:00:00', 'S'),
(1994, 'GABRIELE BARROS SANTOS', 1994, '2020-06-19 15:00:00', '2020-06-19 15:00:00', 'S'),
(1995, 'NILTON MARTINS DA SILVA', 1995, '2020-06-19 15:00:00', '2020-06-19 15:00:00', 'S'),
(1996, 'JAQUELINE APARECIDA B SANTANA', 1996, '2020-06-19 15:00:00', '2020-06-19 15:00:00', 'S'),
(1997, 'ACILEIA ALVES DA SILVA', 1997, '2020-06-19 15:00:00', '2020-06-19 15:00:00', 'S'),
(1998, 'ADRIANA SOUZA GOMES', 1998, '2020-06-19 15:00:00', '2020-06-19 15:00:00', 'S'),
(2000, 'FABIANA JOSE LUIZ', 2000, '2020-06-19 15:00:00', '2020-06-19 15:00:00', 'S'),
(2001, 'MARCELO MONTEIRO DA SILVA', 2001, '2020-06-19 15:00:00', '2020-06-19 15:00:00', 'S'),
(2002, 'CLAUDIO HENRIQUE MACIEL DE SOU', 2002, '2020-06-19 15:00:00', '2020-06-19 15:00:00', 'S'),
(2003, 'LEANDRO FARIA NOGUEIRA', 2003, '2020-06-19 15:00:00', '2020-06-19 15:00:00', 'S'),
(2004, 'ROBERTO FERNANDES NASCIMENTO', 2004, '2020-06-19 15:00:00', '2020-06-19 15:00:00', 'S'),
(2005, 'THAIS SANTOS MACEDO', 2005, '2020-06-19 15:00:00', '2020-06-19 15:00:00', 'S'),
(2006, 'EMILY ALVES LUIZ VIEIRA', 2006, '2020-06-19 15:00:00', '2020-06-19 15:00:00', 'S'),
(2008, 'JONATAS ARAUJO BRANDAO', 2008, '2020-06-19 15:00:00', '2020-06-19 15:00:00', 'S'),
(2009, 'ANDERSON DE OLIVEIRA', 2009, '2020-06-19 15:00:00', '2020-06-19 15:00:00', 'S'),
(2010, 'DANIEL OLIVEIRA DE JESUS', 2010, '2020-06-19 15:00:00', '2020-06-19 15:00:00', 'S'),
(2011, 'LEANDRO SOARES SIQUEIRA', 2011, '2020-06-19 15:00:00', '2020-06-19 15:00:00', 'S'),
(2012, 'MARCIA RODRIGUES RAMOS', 2012, '2020-06-19 15:00:00', '2020-06-19 15:00:00', 'S'),
(2013, 'VINICIUS DOS REIS BROCHADO', 2013, '2020-06-19 15:00:00', '2020-06-19 15:00:00', 'S'),
(2014, 'TATIANE REIS DA CRUZ', 2014, '2020-06-19 15:00:00', '2020-06-19 15:00:00', 'S'),
(2015, 'FERNANDO DA COSTA XAVIER', 2015, '2020-06-19 15:00:00', '2020-06-19 15:00:00', 'S'),
(2016, 'VANIA JOSE LUIZ', 2016, '2020-06-19 15:00:00', '2020-06-19 15:00:00', 'S'),
(2017, 'LUCAS GABRIEL OLIVIERA SIQUEIR', 2017, '2020-06-19 15:00:00', '2020-06-19 15:00:00', 'S'),
(2018, 'MATHEUS GONCALVES DE ARAUJO', 2018, '2020-06-19 15:00:00', '2020-06-19 15:00:00', 'S'),
(2019, 'TALISSON TAVARES PIRES', 2019, '2020-06-19 15:00:00', '2020-06-19 15:00:00', 'S'),
(2020, 'JOSIEL FERREIRA DOS SANTOS', 2020, '2020-06-19 15:00:00', '2020-06-19 15:00:00', 'S'),
(2021, 'ALEX ALECHANDER P DE OLIVEIRA', 2021, '2020-06-19 15:00:00', '2020-06-19 15:00:00', 'S'),
(2022, 'GUSTAVO CALDEIRA SANTOS', 2022, '2020-06-19 15:00:00', '2020-06-19 15:00:00', 'S'),
(2023, 'RAISA DIAS DAMACENO', 2023, '2020-06-19 15:00:00', '2020-06-19 15:00:00', 'S'),
(2024, 'CARLA BARBOSA DE BRITO', 2024, '2020-06-19 15:00:00', '2020-06-19 15:00:00', 'S'),
(2026, 'NATALY DOS SANTOS SILVA', 2026, '2020-06-19 15:00:00', '2020-06-19 15:00:00', 'S'),
(2027, 'CRISTINA DE SA SALGADO', 2027, '2020-06-19 15:00:00', '2020-06-19 15:00:00', 'S'),
(2028, 'DANIELE OLIVEIRA ALVES', 2028, '2020-06-19 15:00:00', '2020-06-19 15:00:00', 'S'),
(2029, 'LUIZ FERNANDO T DE ARAUJO', 2029, '2020-06-19 15:00:00', '2020-06-19 15:00:00', 'S'),
(2030, 'GUILHERME BARCELOS DOS SANTOS', 2030, '2020-06-19 15:00:00', '2020-06-19 15:00:00', 'S'),
(2031, 'ANDERSON RIBEIRO GOMES', 2031, '2020-06-19 15:00:00', '2020-06-19 15:00:00', 'S'),
(2032, 'DANIEL SERAFIM DOS SANTOS', 2032, '2020-06-19 15:00:00', '2020-06-19 15:00:00', 'S'),
(2033, 'GABRIEL BRAGA DA SILVA', 2033, '2020-06-19 15:00:00', '2020-06-19 15:00:00', 'S'),
(2034, 'LUAN SILVA DIAS XAVIER', 2034, '2020-06-19 15:00:00', '2020-06-19 15:00:00', 'S'),
(2035, 'GUILHERME SOARES MELO', 2035, '2020-06-19 15:00:00', '2020-06-19 15:00:00', 'S'),
(2036, 'VICTOR HUGO TAVARES LISBOA', 2036, '2020-06-19 15:00:00', '2020-06-19 15:00:00', 'S'),
(2037, 'IAGO BARCELOS DE SALES', 2037, '2020-06-19 15:00:00', '2020-06-19 15:00:00', 'S'),
(2038, 'JEFFERSON SOARES DA SILVA', 2038, '2020-06-19 15:00:00', '2020-06-19 15:00:00', 'S'),
(2039, 'GUILHERME BARCELOS DOS SANTOS', 2039, '2020-06-19 15:00:00', '2020-06-19 15:00:00', 'S'),
(2040, 'MAIK ALEXANDRE SOUZA LIMA', 2040, '2020-06-19 15:00:00', '2020-06-19 15:00:00', 'S'),
(2041, 'CAIO NASCIMENTO RIBEIRO DOS SA', 2041, '2020-06-19 15:00:00', '2020-06-19 15:00:00', 'S'),
(2042, 'DRIANA SABRINA ALVES DE JESUS', 2042, '2020-06-19 15:00:00', '2020-06-19 15:00:00', 'S'),
(2043, 'BRUNA FERREIRA SANTOS', 2043, '2020-06-19 15:00:00', '2020-06-19 15:00:00', 'S'),
(2044, 'WANDERLY PEREIRA GONCALVES', 2044, '2020-06-19 15:00:00', '2020-06-19 15:00:00', 'S'),
(2045, 'IAGO COUTO BOITRAGO', 2045, '2020-06-19 15:00:00', '2020-06-19 15:00:00', 'S'),
(2046, 'WANDERLY PEREIRA GONCALVES', 2046, '2020-06-19 15:00:00', '2020-06-19 15:00:00', 'S'),
(2047, 'LUCAS APARECIDO TAVARES ARAUJO', 2047, '2020-06-19 15:00:00', '2020-06-19 15:00:00', 'S'),
(2048, 'PAULO HENRIQUE DA SILVA CARLOS', 2048, '2020-06-19 15:00:00', '2020-06-19 15:00:00', 'S'),
(2049, 'JOAO VITOR GOMES DOS SANTOS', 2049, '2020-06-19 15:00:00', '2020-06-19 15:00:00', 'S'),
(2050, 'LUCAS SILVA', 2050, '2020-06-19 15:00:00', '2020-06-19 15:00:00', 'S'),
(2051, 'THALLES SILVA MORAIS', 2051, '2020-06-19 15:00:00', '2020-06-19 15:00:00', 'S'),
(2052, 'MARCOS VINICIUS SOUZA NASCIMEN', 2052, '2020-06-19 15:00:00', '2020-06-19 15:00:00', 'S'),
(2053, 'ANTONIO JOSE DE S DA SILVA', 2053, '2020-06-19 15:00:00', '2020-06-19 15:00:00', 'S'),
(2054, 'WALDEMAR MARTINS DE MELO', 2054, '2020-06-19 15:00:00', '2020-06-19 15:00:00', 'S'),
(2055, 'LINCOLN ALVES RAMOS', 2055, '2020-06-19 15:00:00', '2020-06-19 15:00:00', 'S'),
(2056, 'ALLAN FRANCISCO RIBEIRO', 2056, '2020-06-19 15:00:00', '2020-06-19 15:00:00', 'S');
INSERT INTO `lab_operador` (`id`, `name`, `cod`, `created_at`, `updated_at`, `ativo`) VALUES
(2057, 'VITOR FERREIRA DE SOUZA', 2057, '2020-06-19 15:00:00', '2020-06-19 15:00:00', 'S'),
(2058, 'MARIA DALVA DA MATA LIMA', 2058, '2020-06-19 15:00:00', '2020-06-19 15:00:00', 'S'),
(2060, 'NEIDE GANDRA COUTO', 2060, '2020-06-19 15:00:00', '2020-06-19 15:00:00', 'S'),
(2061, 'LETICIA MASCARENHAS DOS SANTOS', 2061, '2020-06-19 15:00:00', '2020-06-19 15:00:00', 'S'),
(2062, 'MARIA LUIZA NUNES ALBERNAZ', 2062, '2020-06-19 15:00:00', '2020-06-19 15:00:00', 'S'),
(2064, 'JULIANA SILVA MELO', 2064, '2020-06-19 15:00:00', '2020-06-19 15:00:00', 'S'),
(2065, 'ELIENE FERREIRA COSTA', 2065, '2020-06-19 15:00:00', '2020-06-19 15:00:00', 'S'),
(2066, 'BRUNA M DA CRUZ P DOS SANTOS', 2066, '2020-06-19 15:00:00', '2020-06-19 15:00:00', 'S'),
(2067, 'EDUARDA DA SILVA LEAL', 2067, '2020-06-19 15:00:00', '2020-06-19 15:00:00', 'S'),
(2068, 'ERICA CRISTINA T DE ANDRADE', 2068, '2020-06-19 15:00:00', '2020-06-19 15:00:00', 'S'),
(2069, 'LARISSA LIMA DOS SANTOS', 2069, '2020-06-19 15:00:00', '2020-06-19 15:00:00', 'S'),
(2070, 'JESSICA BENEDITA PEREIRA DE SO', 2070, '2020-06-19 15:00:00', '2020-06-19 15:00:00', 'S'),
(2071, 'TACIANA MONTEIRO ALVES', 2071, '2020-06-19 15:00:00', '2020-06-19 15:00:00', 'S'),
(2072, 'ROSANILDA DA SILVA COSTA', 2072, '2020-06-19 15:00:00', '2020-06-19 15:00:00', 'S'),
(2073, 'AMANDA THAYNA UMBELINO DA CRUZ', 2073, '2020-06-19 15:00:00', '2020-06-19 15:00:00', 'S'),
(2074, 'ADELMA PEREIRA DE SOUSA', 2074, '2020-06-19 15:00:00', '2020-06-19 15:00:00', 'S'),
(2075, 'MAGDA FERREIRA SANTANA', 2075, '2020-06-19 15:00:00', '2020-06-19 15:00:00', 'S'),
(2076, 'RUTH CRISTINA DA S GONCALVES', 2076, '2020-06-19 15:00:00', '2020-06-19 15:00:00', 'S'),
(2077, 'NATHALIA GOMES FERREIRA', 2077, '2020-06-19 15:00:00', '2020-06-19 15:00:00', 'S'),
(2078, 'PATRICIA PEREIRA OLIVEIRA', 2078, '2020-06-19 15:00:00', '2020-06-19 15:00:00', 'S'),
(2079, 'BRENDA DE SOUZA BOITRAGO', 2079, '2020-06-19 15:00:00', '2020-06-19 15:00:00', 'S'),
(2080, 'JESSICA LUZIA CANDIDO ALVES', 2080, '2020-06-19 15:00:00', '2020-06-19 15:00:00', 'S'),
(2081, 'RENATA PEREIRA DA SILVA', 2081, '2020-06-19 15:00:00', '2020-06-19 15:00:00', 'S'),
(2082, 'DIEGO MACEDO GUIMARAES', 2082, '2020-06-19 15:00:00', '2020-06-19 15:00:00', 'S'),
(2083, 'POLIANA CANDIDO DE AQUINO', 2083, '2020-06-19 15:00:00', '2020-06-19 15:00:00', 'S'),
(2084, 'ROBERTO CARLOS MOURA SANTOS', 2084, '2020-06-19 15:00:00', '2020-06-19 15:00:00', 'S'),
(2085, 'DANILO TOLENTINO GAMA', 2085, '2020-06-19 15:00:00', '2020-06-19 15:00:00', 'S'),
(2086, 'PEDRO BORGES MUNDIM', 2086, '2020-06-19 15:00:00', '2020-06-19 15:00:00', 'S'),
(2087, 'LUCAS SILVA DE ANDRADE', 2087, '2020-06-19 15:00:00', '2020-06-19 15:00:00', 'S'),
(2088, 'DAIANE CAETANO COSTA', 2088, '2020-06-19 15:00:00', '2020-06-19 15:00:00', 'S'),
(2089, 'CAMILA BRANDAO PIRES CALDAS', 2089, '2020-06-19 15:00:00', '2020-06-19 15:00:00', 'S'),
(2090, 'CAMILA SOUZA DA SILVA', 2090, '2020-06-19 15:00:00', '2020-06-19 15:00:00', 'S'),
(2091, 'DANIELA APARECIDA DA SILVA', 2091, '2020-06-19 15:00:00', '2020-06-19 15:00:00', 'S');

-- --------------------------------------------------------

--
-- Estrutura da tabela `lab_safra`
--

CREATE TABLE `lab_safra` (
  `id` int NOT NULL,
  `descricao` varchar(50) DEFAULT NULL,
  `finalizado` char(1) NOT NULL DEFAULT 'N',
  `ativo` char(1) DEFAULT 'S',
  `created_at` timestamp NOT NULL DEFAULT CURRENT_TIMESTAMP,
  `updated_at` timestamp NOT NULL DEFAULT CURRENT_TIMESTAMP ON UPDATE CURRENT_TIMESTAMP
) ENGINE=InnoDB DEFAULT CHARSET=utf8mb4 COLLATE=utf8mb4_0900_ai_ci;

--
-- Extraindo dados da tabela `lab_safra`
--

INSERT INTO `lab_safra` (`id`, `descricao`, `finalizado`, `ativo`, `created_at`) VALUES
(13, 'INVERNO 19/19', 'N', 'S', '2020-06-23 12:06:48'),
(14, 'INVERNO 19/20', 'N', 'S', '2020-06-23 12:06:59'),
(15, 'VERÃO 19/20', 'N', 'S', '2020-06-23 12:06:08'),
(16, 'VERÃO 20/20', 'N', 'S', '2020-06-23 12:06:16'),
(17, 'SAFRA VERÃO 2020/2021', 'N', 'N', '2020-06-24 05:06:39'),
(18, 'SAFRA VERÃO 20/21', 'N', 'N', '2020-06-24 05:06:08');

-- --------------------------------------------------------

--
-- Estrutura da tabela `lab_setor`
--

CREATE TABLE `lab_setor` (
  `id` int NOT NULL,
  `setor` varchar(50) DEFAULT NULL,
  `created_at` timestamp NULL DEFAULT NULL,
  `updated_at` timestamp NULL DEFAULT NULL,
  `active` char(1) DEFAULT 'S'
) ENGINE=InnoDB DEFAULT CHARSET=utf8mb4 COLLATE=utf8mb4_0900_ai_ci;

--
-- Extraindo dados da tabela `lab_setor`
--

INSERT INTO `lab_setor` (`id`, `setor`, `created_at`, `updated_at`, `active`) VALUES
(1, 'TORRE', '2020-04-12 20:28:52', NULL, 'S'),
(2, 'RECEBIMENTO', '2020-04-12 20:28:52', NULL, 'S');

-- --------------------------------------------------------

--
-- Estrutura da tabela `lab_status_amostra`
--

CREATE TABLE `lab_status_amostra` (
  `id` int NOT NULL,
  `descricao` varchar(50) DEFAULT NULL
) ENGINE=InnoDB DEFAULT CHARSET=utf8mb4 COLLATE=utf8mb4_0900_ai_ci;

--
-- Extraindo dados da tabela `lab_status_amostra`
--

INSERT INTO `lab_status_amostra` (`id`, `descricao`) VALUES
(1, 'RETIRADA INSUFICIENTE'),
(2, 'NÃO TEVE AMOSTRA');

-- --------------------------------------------------------

--
-- Estrutura da tabela `lab_status_armazenamento`
--

CREATE TABLE `lab_status_armazenamento` (
  `id` int NOT NULL,
  `descricao` varchar(50) DEFAULT NULL,
  `cor` char(6) NOT NULL DEFAULT '0'
) ENGINE=InnoDB DEFAULT CHARSET=utf8mb4 COLLATE=utf8mb4_0900_ai_ci;

--
-- Extraindo dados da tabela `lab_status_armazenamento`
--

INSERT INTO `lab_status_armazenamento` (`id`, `descricao`, `cor`) VALUES
(1, 'OPERACIONAL', '66CDAA'),
(2, 'EM MANUTENÇÂO', 'FFFF00'),
(3, 'INATIVO', 'FF0000');

-- --------------------------------------------------------

--
-- Estrutura da tabela `lab_status_enderecamento`
--

CREATE TABLE `lab_status_enderecamento` (
  `id` int NOT NULL,
  `descricao` varchar(100) DEFAULT NULL
) ENGINE=InnoDB DEFAULT CHARSET=utf8mb4 COLLATE=utf8mb4_0900_ai_ci;

--
-- Extraindo dados da tabela `lab_status_enderecamento`
--

INSERT INTO `lab_status_enderecamento` (`id`, `descricao`) VALUES
(1, 'ENVIO AO CLIENTE'),
(2, 'ARMAZÉM'),
(3, 'DESCARTE');

-- --------------------------------------------------------

--
-- Estrutura da tabela `lab_status_movimentacao`
--

CREATE TABLE `lab_status_movimentacao` (
  `id` int NOT NULL,
  `descricao` varchar(100) NOT NULL,
  `ativo` char(1) NOT NULL
) ENGINE=InnoDB DEFAULT CHARSET=utf8mb4 COLLATE=utf8mb4_0900_ai_ci;

--
-- Extraindo dados da tabela `lab_status_movimentacao`
--

INSERT INTO `lab_status_movimentacao` (`id`, `descricao`, `ativo`) VALUES
(1, 'ENVIO AO CLIENTE', 'S'),
(2, 'PERDA DE AMOSTRA', 'S'),
(3, 'ANÁLISE VALOREM', 'S');

-- --------------------------------------------------------

--
-- Estrutura da tabela `lab_status_peso`
--

CREATE TABLE `lab_status_peso` (
  `id` int NOT NULL,
  `descricao` varchar(50) DEFAULT NULL
) ENGINE=InnoDB DEFAULT CHARSET=utf8mb4 COLLATE=utf8mb4_0900_ai_ci;

--
-- Extraindo dados da tabela `lab_status_peso`
--

INSERT INTO `lab_status_peso` (`id`, `descricao`) VALUES
(1, 'ENVIO AO CLIENTE'),
(2, 'PERDA DE AMOSTRA'),
(3, 'ANÁLISE VALOREM');

-- --------------------------------------------------------

--
-- Estrutura da tabela `lab_teste`
--

CREATE TABLE `lab_teste` (
  `id` int NOT NULL,
  `idamostra` int NOT NULL,
  `idetiqueta` int NOT NULL,
  `dtinicio` datetime NOT NULL,
  `idoperador_inicio` int NOT NULL,
  `dttermino` datetime DEFAULT NULL,
  `idoperador_termino` int NOT NULL,
  `ativo` char(1) NOT NULL DEFAULT 'S',
  `created_at` timestamp NOT NULL DEFAULT CURRENT_TIMESTAMP,
  `updated_at` timestamp NOT NULL DEFAULT CURRENT_TIMESTAMP
) ENGINE=InnoDB DEFAULT CHARSET=utf8mb4 COLLATE=utf8mb4_0900_ai_ci;

-- --------------------------------------------------------

--
-- Estrutura da tabela `lab_tipoamostra`
--

CREATE TABLE `lab_tipoamostra` (
  `id` int NOT NULL,
  `descricao` varchar(200) NOT NULL,
  `setor` char(1) NOT NULL DEFAULT 'R',
  `ativo` char(1) NOT NULL DEFAULT 'S',
  `created_id` int NOT NULL,
  `created_at` timestamp NOT NULL DEFAULT CURRENT_TIMESTAMP ON UPDATE CURRENT_TIMESTAMP,
  `updated_id` int DEFAULT NULL,
  `updated_at` timestamp NULL DEFAULT NULL
) ENGINE=InnoDB DEFAULT CHARSET=utf8mb4 COLLATE=utf8mb4_0900_ai_ci;

--
-- Extraindo dados da tabela `lab_tipoamostra`
--

INSERT INTO `lab_tipoamostra` (`id`, `descricao`, `setor`, `ativo`, `created_id`, `updated_id`, `updated_at`) VALUES
(1, 'UMIDADE DE CAMPO', 'R', 'S', 0, 3, '2020-06-16 14:06:19'),
(2, 'CORTE DE AGUÁ / CORTE IRRIGAÇÃO', 'R', 'S', 0, NULL, NULL),
(3, 'PRÉ-COLHEITA', 'R', 'S', 0, NULL, NULL),
(4, 'AMOSTRAS DE DIRECIONAMENTO', 'R', 'S', 0, NULL, NULL),
(5, 'CALANDRA CLIENTE', 'R', 'S', 1, NULL, NULL),
(6, 'CALANDRA VALOREM', 'R', 'S', 1, NULL, NULL),
(7, 'UMIDADE COPERANTE', 'R', 'S', 1, 1, '2019-09-10 00:09:38'),
(8, 'ATÍPICA CLIENTE', 'R', 'S', 1, NULL, NULL),
(9, 'ATÍPICA VALOREM', 'R', 'S', 1, NULL, NULL),
(10, 'PÓS SECAGEM CLIENTE', 'R', 'S', 1, NULL, NULL),
(11, 'AMOSTRA RESTRIÇÃO DE QUALIDADE', 'R', 'S', 1, NULL, NULL),
(12, 'DANO MECÂNICA', 'R', 'S', 1, NULL, NULL),
(13, 'AMOSTRA DE DEBULHA VALOREM', 'R', 'S', 1, NULL, NULL),
(14, 'AMOSTRA DE DEBULHA CLIENTE', 'R', 'S', 1, NULL, NULL),
(15, 'BULK', 'R', 'S', 1, NULL, NULL),
(16, 'BULK ABERTO EM PENEIRA', 'R', 'S', 1, NULL, NULL),
(17, 'PLANEJAMENTO DE CLASSIFICAÇÃO', 'R', 'S', 1, NULL, NULL),
(18, 'FECHAMENTO DE DEBULHA CA50', 'R', 'S', 1, NULL, NULL),
(19, 'FECHAMENTO DE CÂMARA CA50', 'R', 'S', 1, NULL, NULL),
(33, 'DESCARTE PRÉ LIMPEZA', 'T', 'S', 1, NULL, NULL),
(34, 'DESCARTE COLOR SORTER', 'T', 'S', 1, NULL, NULL),
(35, 'ACOMPANHAMENTO CLASSIFICAÇÃO', 'T', 'S', 1, NULL, NULL),
(36, 'DESCARTE CLASSIFICAÇÃO', 'T', 'S', 1, NULL, NULL),
(37, 'ACOMPANHAMENTO MESA DENSIMÉTRICA', 'T', 'S', 1, NULL, NULL),
(38, 'DETERMINAÇÃO PESO', 'T', 'S', 1, NULL, NULL),
(39, 'PLANTABILIDADE', 'T', 'S', 1, NULL, NULL),
(40, 'TRATAMENTO ( PESO )', 'T', 'S', 1, NULL, NULL),
(41, 'TRATAMENTO ( PLANT )', 'T', 'S', 1, NULL, NULL),
(42, 'ENSAQUE ( PESO )', 'T', 'S', 1, 3, '2020-06-16 14:06:38'),
(43, 'ENSAQUE ( PLANT )', 'T', 'S', 1, NULL, NULL),
(44, 'BULK ABERTO EM PENEIRA', 'T', 'S', 1, NULL, NULL),
(45, 'AMOSTRAS CLEAN', 'T', 'S', 1, NULL, NULL),
(46, 'AMOSTRAS EXPEDIÇÃO', 'T', 'S', 1, 3, '2020-06-16 14:06:20'),
(47, 'AMOSTRA CAMPO TESTE', 'R', 'N', 3, 3, '2020-06-16 14:06:49');

--
-- Índices para tabelas despejadas
--

--
-- Índices para tabela `lab_amostra`
--
ALTER TABLE `lab_amostra`
  ADD PRIMARY KEY (`id`),
  ADD KEY `idcontrato` (`idcontrato`),
  ADD KEY `idtipoamostra` (`idtipoamostra`),
  ADD KEY `idoperador` (`idoperador`);

--
-- Índices para tabela `lab_cliente`
--
ALTER TABLE `lab_cliente`
  ADD PRIMARY KEY (`id`),
  ADD UNIQUE KEY `nmcliente` (`nmcliente`);

--
-- Índices para tabela `lab_contrato`
--
ALTER TABLE `lab_contrato`
  ADD PRIMARY KEY (`id`),
  ADD KEY `idcliente` (`idcliente`);

--
-- Índices para tabela `lab_email_cfg`
--
ALTER TABLE `lab_email_cfg`
  ADD PRIMARY KEY (`id`),
  ADD UNIQUE KEY `UNIQUE_USERNAME` (`usuario`);

--
-- Índices para tabela `lab_email_send`
--
ALTER TABLE `lab_email_send`
  ADD PRIMARY KEY (`id`);

--
-- Índices para tabela `lab_estoque`
--
ALTER TABLE `lab_estoque`
  ADD PRIMARY KEY (`id`),
  ADD KEY `idetiqueta` (`idetiqueta`);

--
-- Índices para tabela `lab_etiquetas`
--
ALTER TABLE `lab_etiquetas`
  ADD PRIMARY KEY (`id`),
  ADD KEY `idamostra` (`idamostra`),
  ADD KEY `idcliente` (`idcliente`),
  ADD KEY `idcontrato` (`idcontrato`);

--
-- Índices para tabela `lab_operador`
--
ALTER TABLE `lab_operador`
  ADD PRIMARY KEY (`id`);

--
-- Índices para tabela `lab_safra`
--
ALTER TABLE `lab_safra`
  ADD PRIMARY KEY (`id`);

--
-- Índices para tabela `lab_setor`
--
ALTER TABLE `lab_setor`
  ADD PRIMARY KEY (`id`);

--
-- Índices para tabela `lab_status_amostra`
--
ALTER TABLE `lab_status_amostra`
  ADD PRIMARY KEY (`id`);

--
-- Índices para tabela `lab_status_armazenamento`
--
ALTER TABLE `lab_status_armazenamento`
  ADD PRIMARY KEY (`id`);

--
-- Índices para tabela `lab_status_enderecamento`
--
ALTER TABLE `lab_status_enderecamento`
  ADD PRIMARY KEY (`id`);

--
-- Índices para tabela `lab_status_movimentacao`
--
ALTER TABLE `lab_status_movimentacao`
  ADD PRIMARY KEY (`id`);

--
-- Índices para tabela `lab_status_peso`
--
ALTER TABLE `lab_status_peso`
  ADD PRIMARY KEY (`id`);

--
-- Índices para tabela `lab_teste`
--
ALTER TABLE `lab_teste`
  ADD PRIMARY KEY (`id`);

--
-- Índices para tabela `lab_tipoamostra`
--
ALTER TABLE `lab_tipoamostra`
  ADD PRIMARY KEY (`id`);

--
-- AUTO_INCREMENT de tabelas despejadas
--

--
-- AUTO_INCREMENT de tabela `lab_amostra`
--
ALTER TABLE `lab_amostra`
  MODIFY `id` int NOT NULL AUTO_INCREMENT, AUTO_INCREMENT=13;

--
-- AUTO_INCREMENT de tabela `lab_cliente`
--
ALTER TABLE `lab_cliente`
  MODIFY `id` int NOT NULL AUTO_INCREMENT, AUTO_INCREMENT=23;

--
-- AUTO_INCREMENT de tabela `lab_contrato`
--
ALTER TABLE `lab_contrato`
  MODIFY `id` int NOT NULL AUTO_INCREMENT, AUTO_INCREMENT=10;

--
-- AUTO_INCREMENT de tabela `lab_email_cfg`
--
ALTER TABLE `lab_email_cfg`
  MODIFY `id` int NOT NULL AUTO_INCREMENT, AUTO_INCREMENT=4;

--
-- AUTO_INCREMENT de tabela `lab_email_send`
--
ALTER TABLE `lab_email_send`
  MODIFY `id` int NOT NULL AUTO_INCREMENT;

--
-- AUTO_INCREMENT de tabela `lab_estoque`
--
ALTER TABLE `lab_estoque`
  MODIFY `id` int NOT NULL AUTO_INCREMENT;

--
-- AUTO_INCREMENT de tabela `lab_etiquetas`
--
ALTER TABLE `lab_etiquetas`
  MODIFY `id` int NOT NULL AUTO_INCREMENT, AUTO_INCREMENT=20;

--
-- AUTO_INCREMENT de tabela `lab_operador`
--
ALTER TABLE `lab_operador`
  MODIFY `id` int NOT NULL AUTO_INCREMENT, AUTO_INCREMENT=2092;

--
-- AUTO_INCREMENT de tabela `lab_safra`
--
ALTER TABLE `lab_safra`
  MODIFY `id` int NOT NULL AUTO_INCREMENT, AUTO_INCREMENT=19;

--
-- AUTO_INCREMENT de tabela `lab_setor`
--
ALTER TABLE `lab_setor`
  MODIFY `id` int NOT NULL AUTO_INCREMENT, AUTO_INCREMENT=3;

--
-- AUTO_INCREMENT de tabela `lab_status_amostra`
--
ALTER TABLE `lab_status_amostra`
  MODIFY `id` int NOT NULL AUTO_INCREMENT, AUTO_INCREMENT=3;

--
-- AUTO_INCREMENT de tabela `lab_status_armazenamento`
--
ALTER TABLE `lab_status_armazenamento`
  MODIFY `id` int NOT NULL AUTO_INCREMENT, AUTO_INCREMENT=4;

--
-- AUTO_INCREMENT de tabela `lab_status_enderecamento`
--
ALTER TABLE `lab_status_enderecamento`
  MODIFY `id` int NOT NULL AUTO_INCREMENT, AUTO_INCREMENT=4;

--
-- AUTO_INCREMENT de tabela `lab_status_movimentacao`
--
ALTER TABLE `lab_status_movimentacao`
  MODIFY `id` int NOT NULL AUTO_INCREMENT, AUTO_INCREMENT=4;

--
-- AUTO_INCREMENT de tabela `lab_status_peso`
--
ALTER TABLE `lab_status_peso`
  MODIFY `id` int NOT NULL AUTO_INCREMENT, AUTO_INCREMENT=4;

--
-- AUTO_INCREMENT de tabela `lab_teste`
--
ALTER TABLE `lab_teste`
  MODIFY `id` int NOT NULL AUTO_INCREMENT, AUTO_INCREMENT=14;

--
-- AUTO_INCREMENT de tabela `lab_tipoamostra`
--
ALTER TABLE `lab_tipoamostra`
  MODIFY `id` int NOT NULL AUTO_INCREMENT, AUTO_INCREMENT=48;

--
-- Restrições para despejos de tabelas
--

--
-- Limitadores para a tabela `lab_amostra`
--
ALTER TABLE `lab_amostra`
  ADD CONSTRAINT `lab_amostra_ibfk_1` FOREIGN KEY (`idoperador`) REFERENCES `lab_operador` (`id`) ON UPDATE CASCADE;

--
-- Limitadores para a tabela `lab_contrato`
--
ALTER TABLE `lab_contrato`
  ADD CONSTRAINT `lab_contrato_ibfk_1` FOREIGN KEY (`idcliente`) REFERENCES `lab_cliente` (`id`) ON DELETE SET NULL ON UPDATE CASCADE;

--
-- Limitadores para a tabela `lab_etiquetas`
--
ALTER TABLE `lab_etiquetas`
  ADD CONSTRAINT `lab_etiquetas_ibfk_1` FOREIGN KEY (`idamostra`) REFERENCES `lab_amostra` (`id`) ON DELETE SET NULL ON UPDATE CASCADE;
COMMIT;

/*!40101 SET CHARACTER_SET_CLIENT=@OLD_CHARACTER_SET_CLIENT */;
/*!40101 SET CHARACTER_SET_RESULTS=@OLD_CHARACTER_SET_RESULTS */;
/*!40101 SET COLLATION_CONNECTION=@OLD_COLLATION_CONNECTION */;
